event,league,date,fighter_1,fighter_2,winner,f1_age,f2_age,f1_style_dominant,f1_style_additional,f2_style_dominant,f2_style_additional,f1_weight,f2_weight,weight_advantage,f1_height,f2_height,height_advantage,f1_country,f2_country,f1_travel_penalty,f2_travel_penalty,domestic_advantage,travel_type,label,f1_style_combo_success_percent,f2_style_combo_success_percent,athlete1_style_advantage_rate,f1_gender,f2_gender,f1_is_current_title_holder,f2_is_current_title_holder,f1_low_rank_predictions,f1_high_rank_predictions,f2_low_rank_predictions,f2_high_rank_predictions,f1_domestic_win_rate,f1_transatlantic_win_rate,f2_domestic_win_rate,f2_transatlantic_win_rate,num_shared_opponents_value,mma_math_positive,mma_math_negative,has_head_to_head,head_to_head_result,num_second_order_valuable,second_order_mma_math_positive,second_order_mma_math_negative
East vs West 18,EvW,"June 21, 2025",Riekerd Bornman,Wallace Dilley,Riekerd Bornman,21,,Toproll,Hook,King's Move,Hook,122.0,140.0,-18.0,191.0,,,South Africa,United States Of America,0,0,0,domestic,1,53.4,16.7,100.0,male,male,False,False,2,0,1,1,1.0,0.5,0.0,0.5,0,0,0,0,0,0,0,0
East vs West 18,EvW,"June 21, 2025",Ryan Belanger,Allen Ford,Ryan Belanger,,48,Hook,Press,Toproll,Hook,102.0,98.0,4.0,183.0,189.0,-6.0,Canada,Canada,1,1,0,domestic,1,37.2,53.4,40.4,male,male,False,False,1,0,0,0,1.0,1.0,0.0,0.5,0,0,0,0,0,0,0,0
East vs West 18,EvW,"June 21, 2025",Joseph Meranto,Ivan Portela,Joseph Meranto,23,,Toproll,,Toproll,Hook,70.0,,,173.0,,,United States Of America,Spain,0,0,0,domestic,1,,53.4,,male,male,False,False,1,1,0,0,1.0,0.5,0.0,0.5,0,0,0,0,0,0,0,0
East vs West 18,EvW,"June 21, 2025",Pavlo Derbedyenyev,Wagner Bortalato,Pavlo Derbedyenyev,44,44,Toproll,Hook,Hook,,120.0,151.0,-31.0,185.0,188.0,-3.0,Ukraine,Brazil,0,1,1,transatlantic,1,53.4,,59.6,male,male,False,False,0,0,0,2,0.0,1.0,0.5,0.0,0,0,0,0,0,0,0,0
East vs West 18,EvW,"June 21, 2025",Devon Larratt,Alex Kurdecha,Devon Larratt,50,36,Toproll,King's Move,Toproll,Press,120.0,150.0,-30.0,196.0,201.0,-5.0,Canada,Poland,1,0,-1,transatlantic,1,80.0,58.5,,male,male,False,False,8,6,3,0,0.5,0.8,0.286,0.0,0,0,0,0,0,0,0,0
East vs West 18,EvW,"June 21, 2025",Paul Linn,Arsen Khachatryan,Paul Linn,44,27,Side,Hook,Toproll,Hook,95.0,95.0,0.0,183.0,185.0,-2.0,United States Of America,Russia,0,0,0,domestic,1,47.4,53.4,42.9,male,male,False,False,5,1,1,0,0.636,0.5,0.5,0.5,0,0,0,0,0,0,0,0
East vs West 18,EvW,"June 21, 2025",Matt Mask,Irakli Zirakashvili,Matt Mask,43,27,Toproll,Hook,Toproll,Press,114.0,95.0,19.0,196.0,190.0,6.0,Canada,Georgia,1,0,-1,transatlantic,1,53.4,58.5,,male,male,False,False,5,2,4,1,1.0,0.455,0.667,0.5,0,0,0,0,0,0,0,0
East vs West 18,EvW,"June 21, 2025",Michael Todd,Georgii Dzeranov,Michael Todd,51,38,King's Move,Side,Hook,Side,105.0,123.0,-18.0,191.0,190.0,1.0,United States Of America,Kazakhstan,0,0,0,domestic,1,45.5,44.2,40.0,male,male,False,False,5,3,3,0,0.5,0.0,0.571,1.0,2,1,1,0,0,16,12,4
East vs West 18,EvW,"June 21, 2025",Fia Reisek,Elin Janeheim,Fia Reisek,40,,Unknown,,Toproll,Hook,69.0,,,170.0,,,Sweden,Sweden,0,0,0,domestic,1,,53.4,,male,male,True,False,2,0,0,0,1.0,1.0,0.0,0.5,0,0,0,0,0,0,0,0
East vs West 18,EvW,"June 21, 2025",Artyom Morozov,Alex Kurdecha,Artyom Morozov,27,36,Toproll,Hook,Toproll,Press,142.0,150.0,-8.0,195.0,201.0,-6.0,Kazakhstan,Poland,0,0,0,domestic,1,53.4,58.5,,male,male,False,False,6,3,3,0,0.733,1.0,0.286,0.0,2,1,1,1,1,19,11,8
East vs West 18,EvW,"June 21, 2025",Levan Saginashvili,Ermes Gasparini,Levan Saginashvili,36,31,Toproll,Press,Toproll,Press,178.0,130.0,48.0,193.0,188.0,5.0,Georgia,Italy,0,0,0,domestic,1,58.5,58.5,,male,male,True,False,16,6,1,0,1.0,1.0,0.6,0.667,1,1,0,1,1,7,7,0
East vs West 17,EvW,"March 29, 2025",Arsen Khachatryan,Andrei Sharkevich,Arsen Khachatryan,27,,Toproll,Hook,Hook,Press,95.0,,,185.0,,,Russia,Russia,0,0,0,domestic,1,53.4,37.2,59.6,male,male,False,False,1,0,1,0,0.5,0.5,0.0,0.5,0,0,0,0,0,0,0,0
East vs West 17,EvW,"March 29, 2025",Joseph Meranto,Cody Wood,Joseph Meranto,23,23,Toproll,,Toproll,,70.0,70.0,0.0,173.0,175.0,-2.0,United States Of America,United States Of America,0,0,0,domestic,1,,,,male,male,False,False,0,0,0,0,1.0,0.5,0.0,0.5,0,0,0,0,0,0,0,0
East vs West 17,EvW,"March 29, 2025",Hunter Noffz,Valen Low,Hunter Noffz,,31,Hook,Side,Toproll,Hook,77.0,78.0,-1.0,175.0,169.0,6.0,United States Of America,Singapore,0,0,0,domestic,1,44.2,53.4,40.4,male,male,False,False,3,2,0,0,0.667,0.5,0.0,0.5,0,0,0,0,0,0,0,0
East vs West 17,EvW,"March 29, 2025",Craig Tullier,John Therrien,Craig Tullier,52,29,Side,Press,Hook,Side,85.0,95.0,-10.0,175.0,178.0,-3.0,United States Of America,Canada,0,1,1,transatlantic,1,58.3,44.2,67.9,male,male,False,False,2,2,0,0,0.5,1.0,0.5,0.0,0,0,0,0,0,0,0,0
East vs West 17,EvW,"March 29, 2025",Mindaugas Tarasaitis,Janis Amolins,Mindaugas Tarasaitis,34,43,Toproll,Side,Toproll,Side,76.0,77.0,-1.0,178.0,178.0,0.0,Lithuania,Latvia,0,0,0,domestic,1,53.3,53.3,,male,male,False,False,1,2,2,0,0.778,0.5,0.5,0.5,0,0,0,0,0,0,0,0
East vs West 17,EvW,"March 29, 2025",Jocelyne Brisson,Sarah Backman,Jocelyne Brisson,,33,Toproll,Hook,Hook,Toproll,,80.0,,,174.0,,Canada,United States Of America,1,0,-1,transatlantic,1,53.4,39.7,59.6,male,male,False,False,0,1,2,0,0.5,0.5,0.667,0.0,0,0,0,0,0,0,0,0
East vs West 17,EvW,"March 29, 2025",Evgeny Prudnik,Kody Merritt,Evgeny Prudnik,37,51,Hook,Toproll,King's Move,Toproll,115.0,153.0,-38.0,185.0,188.0,-3.0,Ukraine,United States Of America,0,0,0,domestic,1,39.7,14.3,60.0,male,male,False,False,1,1,1,0,0.5,0.5,0.0,0.5,0,0,0,0,0,0,0,0
East vs West 17,EvW,"March 29, 2025",Mindaugas Tarasaitis,Hunter Noffz,Mindaugas Tarasaitis,34,,Toproll,Side,Hook,Side,76.0,77.0,-1.0,178.0,175.0,3.0,Lithuania,United States Of America,0,0,0,domestic,1,53.3,44.2,59.6,male,male,False,False,1,2,3,2,0.778,0.5,0.667,0.5,0,0,0,0,0,0,0,0
East vs West 17,EvW,"March 29, 2025",Matt Mask,Kydyrgali Ongarbaev,Matt Mask,43,30,Toproll,Hook,Toproll,Hook,114.0,105.0,9.0,196.0,186.0,10.0,Canada,Kazakhstan,1,0,-1,transatlantic,1,53.4,53.4,,male,male,False,False,1,0,5,2,1.0,0.455,0.6,0.0,0,0,0,0,0,15,5,10
East vs West 17,EvW,"March 29, 2025",Georgi Tsvetkov,Dave Chaffee,Georgi Tsvetkov,36,48,Toproll,Side,Side,Press,165.0,125.0,40.0,190.0,188.0,2.0,Bulgaria,United States Of America,0,0,0,domestic,1,53.3,58.3,57.1,male,male,False,False,5,0,2,1,0.5,0.5,0.375,0.0,2,1,1,0,0,9,4,5
East vs West 17,EvW,"March 29, 2025",Devon Larratt,Corey West,Devon Larratt,50,34,Toproll,King's Move,Hook,Side,120.0,195.0,-75.0,196.0,192.0,4.0,Canada,United States Of America,1,0,-1,transatlantic,1,80.0,44.2,59.6,male,male,False,False,8,4,0,0,0.5,0.8,0.286,0.0,0,0,0,0,0,0,0,0
East vs West 17,EvW,"March 29, 2025",Yoshinobu Kanai,John Brzenk,Yoshinobu Kanai,49,60,Hook,King's Move,Hook,Toproll,101.0,104.0,-3.0,173.0,181.0,-8.0,Japan,United States Of America,0,0,0,domestic,1,50.0,39.7,,male,male,False,False,0,1,6,1,0.5,0.5,0.4,0.0,0,0,0,0,0,4,3,1
East vs West 16,EvW,"February 15, 2025",Stoyan Golemanov,Vasily Dautashvili,Stoyan Golemanov,,,Toproll,Hook,Hook,Toproll,,,,,,,Bulgaria,Georgia,0,0,0,domestic,1,53.4,39.7,59.6,male,male,False,False,1,1,3,0,1.0,0.5,0.0,0.5,0,0,0,0,0,0,0,0
East vs West 16,EvW,"February 15, 2025",Bacho Saginashvili,Brad Grundy,Bacho Saginashvili,20,27,Hook,Side,Unknown,,95.0,114.0,-19.0,186.0,183.0,3.0,Georgia,United States Of America,0,0,0,domestic,1,44.2,,,male,male,False,False,4,1,1,0,0.667,0.5,0.5,0.5,0,0,0,0,0,0,0,0
East vs West 16,EvW,"February 15, 2025",Serhii Kalinichenko,Frank Lamparelli,Serhii Kalinichenko,32,46,Toproll,Press,Unknown,,118.0,115.0,3.0,187.0,191.0,-4.0,Ukraine,Italy,0,0,0,domestic,1,58.5,,,male,male,False,False,2,1,0,1,0.571,0.5,0.0,1.0,0,0,0,0,0,5,4,1
East vs West 16,EvW,"February 15, 2025",David Dadikyan,Alex Kurdecha,David Dadikyan,26,36,Hook,,Toproll,Press,115.0,150.0,-35.0,185.0,201.0,-16.0,Armenia,Poland,0,0,0,domestic,1,,58.5,40.4,male,male,False,False,5,1,2,0,0.75,0.5,0.286,0.0,0,0,0,0,0,0,0,0
East vs West 16,EvW,"February 15, 2025",Fia Reisek,Malin Bergstrom,Fia Reisek,40,,Unknown,,Toproll,,69.0,,,170.0,,,Sweden,Sweden,0,0,0,domestic,1,,,,male,male,False,False,2,0,1,0,1.0,1.0,0.0,0.5,0,0,0,0,0,0,0,0
East vs West 16,EvW,"February 15, 2025",Oleg Zhokh,Daniel Procopciuc,Oleg Zhokh,32,24,Toproll,Hook,Hook,Toproll,85.0,78.0,7.0,183.0,171.0,12.0,Ukraine,Moldova,0,0,0,domestic,1,53.4,39.7,59.6,male,male,True,False,4,1,0,0,0.6,0.5,0.5,0.5,0,0,0,0,0,0,0,0
East vs West 16,EvW,"February 15, 2025",Oleg Petrenko,Betkili Oniani,Oleg Petrenko,29,28,Side,Toproll,Hook,Press,104.0,95.0,9.0,180.0,190.0,-10.0,Ukraine,Georgia,0,0,0,domestic,1,69.2,37.2,67.9,male,male,False,True,0,0,2,0,0.714,0.5,0.6,0.5,0,0,0,0,0,0,0,0
East vs West 16,EvW,"February 15, 2025",Ermes Gasparini,Michael Todd,Ermes Gasparini,31,51,Toproll,Press,King's Move,Side,130.0,105.0,25.0,188.0,191.0,-3.0,Italy,United States Of America,0,0,0,domestic,1,58.5,45.5,100.0,male,male,False,False,9,1,2,0,0.6,0.667,0.5,0.0,0,0,0,0,0,16,12,4
East vs West 16,EvW,"February 15, 2025",Todd Hutchings,Irakli Zirakashvili,Todd Hutchings,58,27,Side,Press,Toproll,Press,98.0,95.0,3.0,180.0,190.0,-10.0,United States Of America,Georgia,0,0,0,domestic,1,58.3,58.5,42.9,male,male,False,True,2,0,7,0,0.75,0.5,0.667,0.5,1,1,0,1,1,9,3,6
East vs West 16,EvW,"February 15, 2025",Devon Larratt,Genadi Kvikvinia,Devon Larratt,50,40,Toproll,King's Move,Hook,Press,120.0,140.0,-20.0,196.0,185.0,11.0,Canada,Georgia,1,0,-1,transatlantic,1,80.0,37.2,59.6,male,male,False,False,5,1,4,0,0.5,0.8,0.429,0.5,1,1,0,1,-1,6,6,0
East vs West 16,EvW,"February 15, 2025",Vitaly Laletin,Artyom Morozov,Vitaly Laletin,35,27,Toproll,,Toproll,Hook,140.0,142.0,-2.0,205.0,195.0,10.0,Russia,Kazakhstan,0,0,0,domestic,1,,53.4,,male,male,False,True,7,1,1,1,0.875,0.5,0.733,1.0,0,0,0,0,0,0,0,0
East vs West 15,EvW,"November 2, 2024",Brigitta Ivanfi,Irina Gladkaya,Brigitta Ivanfi,47,41,Toproll,,Toproll,Hook,70.0,67.0,3.0,168.0,170.0,-2.0,Hungary,Russia,0,0,0,domestic,1,,53.4,,male,female,False,False,1,0,2,0,1.0,0.5,0.0,0.5,0,0,0,0,0,0,0,0
East vs West 15,EvW,"November 2, 2024",Danil Ustinov,Azat Srapyan,Danil Ustinov,21,32,Toproll,Hook,Hook,Press,70.0,70.0,0.0,175.0,172.0,3.0,Kazakhstan,Armenia,0,0,0,domestic,1,53.4,37.2,59.6,male,male,False,False,5,1,0,0,1.0,0.5,0.0,0.5,0,0,0,0,0,0,0,0
East vs West 15,EvW,"November 2, 2024",Nugzari Chikadze,Oguzhan Kocak,Nugzari Chikadze,27,22,Side,Toproll,Hook,Toproll,105.0,105.0,0.0,173.0,180.0,-7.0,Georgia,Turkey,0,0,0,domestic,1,69.2,39.7,67.9,male,male,False,False,4,0,2,0,0.667,1.0,0.0,0.5,0,0,0,0,0,0,0,0
East vs West 15,EvW,"November 2, 2024",Artur Makarov,Omer Kozakoglu,Artur Makarov,31,22,Hook,Toproll,Toproll,Press,77.0,77.0,0.0,174.0,192.0,-18.0,Russia,Turkey,0,0,0,domestic,1,39.7,58.5,40.4,male,male,False,False,1,0,3,0,0.75,0.5,0.0,0.5,0,0,0,0,0,0,0,0
East vs West 15,EvW,"November 2, 2024",Dimitrina Petrova,Carolina Pettersson,Dimitrina Petrova,30,34,Hook,Toproll,Toproll,Hook,60.0,60.0,0.0,165.0,166.0,-1.0,Bulgaria,Sweden,0,0,0,domestic,1,39.7,53.4,40.4,female,male,True,False,3,0,1,0,1.0,0.5,0.667,0.5,0,0,0,0,0,0,0,0
East vs West 15,EvW,"November 2, 2024",Betkili Oniani,Oleg Zhokh,Betkili Oniani,28,32,Hook,Press,Toproll,Hook,95.0,85.0,10.0,190.0,183.0,7.0,Georgia,Ukraine,0,0,0,domestic,1,37.2,53.4,40.4,male,male,True,False,7,0,0,0,0.6,0.5,0.6,0.5,0,0,0,0,0,0,0,0
East vs West 15,EvW,"November 2, 2024",Todd Hutchings,Yoshinobu Kanai,Todd Hutchings,58,49,Side,Press,Hook,King's Move,98.0,101.0,-3.0,180.0,173.0,7.0,United States Of America,Japan,0,0,0,domestic,1,58.3,50.0,67.9,male,male,False,False,5,1,0,0,0.75,0.5,0.5,0.5,0,0,0,0,0,0,0,0
East vs West 15,EvW,"November 2, 2024",Rino Masic,Ibragim Sagov,Rino Masic,21,35,Press,Hook,Press,Side,115.0,115.0,0.0,187.0,192.0,-5.0,Croatia,Russia,0,0,0,domestic,1,82.4,50.0,,male,male,True,False,0,0,4,0,0.75,0.5,0.6,0.5,0,0,0,0,0,1,1,0
East vs West 15,EvW,"November 2, 2024",Vitaly Laletin,Georgii Dzeranov,Vitaly Laletin,35,38,Toproll,,Hook,Side,140.0,123.0,17.0,205.0,190.0,15.0,Russia,Kazakhstan,0,0,0,domestic,1,,44.2,59.6,male,male,False,False,8,1,2,0,0.875,0.5,0.571,1.0,0,0,0,0,0,6,5,1
East vs West 15,EvW,"November 2, 2024",Irakli Zirakashvili,Georgy Tautiev,Irakli Zirakashvili,27,29,Toproll,Press,Toproll,Side,95.0,95.0,0.0,190.0,202.0,-12.0,Georgia,Russia,0,0,0,domestic,1,58.5,53.3,,male,male,True,False,1,0,4,0,0.667,0.5,0.5,0.5,0,0,0,0,0,0,0,0
East vs West 15,EvW,"November 2, 2024",Michael Todd,Genadi Kvikvinia,Michael Todd,51,40,King's Move,Side,Hook,Press,105.0,140.0,-35.0,191.0,185.0,6.0,United States Of America,Georgia,0,0,0,domestic,1,45.5,37.2,40.0,male,male,False,False,7,0,3,0,0.5,0.0,0.429,0.5,1,0,1,1,-1,6,3,3
East vs West 15,EvW,"November 2, 2024",Davit Samushia,Vladimir Maiorov,Davit Samushia,33,31,Press,Hook,Hook,,85.0,85.0,0.0,178.0,179.0,-1.0,Georgia,Russia,0,0,0,domestic,1,82.4,,83.3,male,male,True,False,4,0,2,0,0.833,0.5,0.333,0.5,0,0,0,1,1,0,0,0
East vs West 15,EvW,"November 2, 2024",Alizhan Muratov,Ivan Matyushenko,Alizhan Muratov,27,40,Toproll,Hook,Hook,,104.0,114.0,-10.0,180.0,192.0,-12.0,Kazakhstan,Russia,0,0,0,domestic,1,53.4,,59.6,male,male,False,False,5,0,1,0,1.0,0.5,0.667,0.5,0,0,0,0,0,0,0,0
East vs West 15,EvW,"November 2, 2024",Devon Larratt,Oleg Petrenko,Devon Larratt,50,29,Toproll,King's Move,Side,Toproll,120.0,104.0,16.0,196.0,180.0,16.0,Canada,Ukraine,1,0,-1,transatlantic,1,80.0,69.2,57.1,male,male,False,True,9,1,4,0,0.5,0.8,0.714,0.5,1,1,0,0,0,10,2,8
East vs West 14,EvW,"August 10, 2024",Ryan Belanger,Raimonds Liepins,Ryan Belanger,,34,Hook,Press,Hook,Press,102.0,83.0,19.0,183.0,170.0,13.0,Canada,Latvia,1,0,-1,transatlantic,1,37.2,37.2,,male,male,False,False,1,0,6,0,1.0,1.0,0.6,0.0,0,0,0,0,0,0,0,0
East vs West 14,EvW,"August 10, 2024",Aymeric Pradines,Jonathan Breda,Aymeric Pradines,,31,Toproll,Hook,Hook,Press,,102.0,,,180.0,,France,United States Of America,0,0,0,domestic,1,53.4,37.2,59.6,male,male,False,False,3,0,0,0,1.0,0.5,0.0,0.5,0,0,0,0,0,0,0,0
East vs West 14,EvW,"August 10, 2024",Elizabeth Mocek,Aleksandra Ozerova,Elizabeth Mocek,,,Toproll,,Toproll,Hook,,,,,,,United States Of America,Russia,0,0,0,domestic,1,,53.4,,female,female,False,False,5,0,1,0,0.5,0.5,0.0,0.5,0,0,0,0,0,0,0,0
East vs West 14,EvW,"August 10, 2024",Hunter Noffz,Doug Erlich,Hunter Noffz,,42,Hook,Side,Hook,Press,77.0,77.0,0.0,175.0,185.0,-10.0,United States Of America,United States,0,0,0,domestic,1,44.2,37.2,,male,male,False,False,0,0,2,0,0.667,0.5,0.333,0.5,0,0,0,0,0,0,0,0
East vs West 14,EvW,"August 10, 2024",Corey West,Travis Bagent,Corey West,34,49,Hook,Side,Toproll,Side,195.0,125.0,70.0,192.0,191.0,1.0,United States Of America,United States Of America,0,0,0,domestic,1,44.2,53.3,40.4,male,male,False,False,4,1,4,0,0.286,0.0,0.0,0.5,0,0,0,0,0,0,0,0
East vs West 14,EvW,"August 10, 2024",Vrezh Sedrakyan,Paul Talbott,Vrezh Sedrakyan,,40,Hook,,Hook,Side,83.0,86.0,-3.0,171.0,188.0,-17.0,Armenia,United States Of America,0,0,0,domestic,1,,44.2,,male,male,False,False,3,1,2,0,1.0,0.5,0.0,0.5,0,0,0,0,0,0,0,0
East vs West 14,EvW,"August 10, 2024",Matt Mask,Lars Rorbakken,Matt Mask,43,46,Toproll,Hook,Press,Side,114.0,107.0,7.0,196.0,190.0,6.0,Canada,Norway,1,0,-1,transatlantic,1,53.4,50.0,45.5,male,male,False,False,2,0,2,0,1.0,0.455,0.5,0.0,0,0,0,0,0,2,2,0
East vs West 14,EvW,"August 10, 2024",Janis Amolins,Justin Bishop,Janis Amolins,43,36,Toproll,Side,King's Move,Press,77.0,82.0,-5.0,178.0,183.0,-5.0,Latvia,United States Of America,0,0,0,domestic,1,53.3,0.0,100.0,male,male,False,False,7,1,0,0,0.5,0.5,0.0,0.5,0,0,0,0,0,0,0,0
East vs West 14,EvW,"August 10, 2024",Dave Chaffee,Frank Lamparelli,Dave Chaffee,48,46,Side,Press,Unknown,,125.0,115.0,10.0,188.0,191.0,-3.0,United States Of America,Italy,0,0,0,domestic,1,58.3,,,male,male,False,False,8,0,0,0,0.375,0.0,0.0,1.0,0,0,0,0,0,6,6,0
East vs West 14,EvW,"August 10, 2024",Mindaugas Tarasaitis,Artem Taranenko,Mindaugas Tarasaitis,34,30,Toproll,Side,Toproll,Hook,76.0,100.0,-24.0,178.0,182.0,-4.0,Lithuania,United States Of America,0,0,0,domestic,1,53.3,53.4,,male,male,False,False,4,0,3,0,0.778,0.5,0.0,0.5,0,0,0,0,0,0,0,0
East vs West 14,EvW,"August 10, 2024",Craig Tullier,Tom Holland,Craig Tullier,52,,Side,Press,Hook,,85.0,78.0,7.0,175.0,188.0,-13.0,United States Of America,United Kingdom,0,0,0,domestic,1,58.3,,67.9,male,male,False,False,3,0,0,0,0.5,1.0,0.0,0.5,0,0,0,0,0,0,0,0
East vs West 14,EvW,"August 10, 2024",Devon Larratt,Chance Shaw,Devon Larratt,50,26,Toproll,King's Move,Hook,Toproll,120.0,130.0,-10.0,196.0,183.0,13.0,Canada,United States Of America,1,0,-1,transatlantic,1,80.0,39.7,59.6,male,male,False,False,2,0,1,0,0.5,0.8,0.167,0.0,0,0,0,0,0,6,4,2
East vs West 14,EvW,"August 10, 2024",Michael Todd,Kamil Jablonski,Michael Todd,51,39,King's Move,Side,Press,,105.0,128.0,-23.0,191.0,189.0,2.0,United States Of America,Poland,0,0,0,domestic,1,45.5,,100.0,male,male,False,False,5,0,3,0,0.5,0.0,0.429,0.5,0,0,0,0,0,1,0,1
East vs West 14,EvW,"August 10, 2024",Rustam Babayev,Paul Linn,Rustam Babayev,43,44,Hook,,Side,Hook,95.0,95.0,0.0,172.0,183.0,-11.0,Ukraine,United States Of America,0,0,0,domestic,1,,47.4,32.1,male,male,False,False,2,0,2,0,0.4,0.5,0.636,0.5,0,0,0,1,-1,1,1,0
East vs West 14,EvW,"August 10, 2024",Todd Hutchings,Evgeny Prudnik,Todd Hutchings,58,37,Side,Press,Hook,Toproll,98.0,115.0,-17.0,180.0,185.0,-5.0,United States Of America,Ukraine,0,0,0,domestic,1,58.3,39.7,67.9,male,male,False,False,5,0,2,1,0.75,0.5,0.5,0.5,2,1,1,1,-1,9,4,5
East vs West 14,EvW,"August 10, 2024",John Brzenk,Leonidas Arkona,John Brzenk,60,26,Hook,Toproll,Toproll,Hook,104.0,128.0,-24.0,181.0,182.0,-1.0,United States Of America,Germany,0,0,0,domestic,1,39.7,53.4,40.4,male,male,False,False,7,2,2,0,0.4,0.0,0.667,0.0,0,0,0,0,0,0,0,0
East vs West 14,EvW,"August 10, 2024",Jerry Cadorette,Alex Kurdecha,Jerry Cadorette,52,36,Press,,Toproll,Press,147.0,150.0,-3.0,187.0,201.0,-14.0,United States Of America,Poland,0,0,0,domestic,1,,58.5,54.5,male,male,False,False,5,0,5,1,0.6,0.5,0.286,0.0,0,0,0,0,0,9,6,3
East vs West 13,EvW,"July 6, 2024",Tom Rozits,Artem Taranenko,Tom Rozits,32,30,Hook,Toproll,Toproll,Hook,85.0,100.0,-15.0,184.0,182.0,2.0,Latvia,United States Of America,0,0,0,domestic,1,39.7,53.4,40.4,male,male,False,False,5,0,1,0,1.0,0.5,0.0,0.5,0,0,0,0,0,0,0,0
East vs West 13,EvW,"July 6, 2024",Carolina Pettersson,Olga Terpelova,Carolina Pettersson,34,33,Toproll,Hook,Toproll,,60.0,58.0,2.0,166.0,168.0,-2.0,Sweden,Russia,0,0,0,domestic,1,53.4,,,male,male,False,False,2,0,2,0,0.667,0.5,0.0,0.5,0,0,0,0,0,0,0,0
East vs West 13,EvW,"July 6, 2024",Petro Marharint,Zurab Tavberidze,Petro Marharint,36,28,Hook,Side,Hook,Side,105.0,105.0,0.0,180.0,180.0,0.0,Ukraine,Georgia,0,0,0,domestic,1,44.2,44.2,,male,male,False,False,7,0,1,0,1.0,0.5,0.455,1.0,0,0,0,0,0,0,0,0
East vs West 13,EvW,"July 6, 2024",Vladimir Maiorov,Adam Wawrzynski,Vladimir Maiorov,31,28,Hook,,Toproll,Hook,85.0,93.0,-8.0,179.0,183.0,-4.0,Russia,United States Of America,0,0,0,domestic,1,,53.4,40.4,male,male,False,False,7,0,0,0,0.333,0.5,0.5,0.5,0,0,0,0,0,0,0,0
East vs West 13,EvW,"July 6, 2024",Ibragim Sagov,Chance Shaw,Ibragim Sagov,35,26,Press,Side,Hook,Toproll,115.0,130.0,-15.0,192.0,183.0,9.0,Russia,United States Of America,0,0,0,domestic,1,50.0,39.7,83.3,male,male,False,False,2,0,1,0,0.6,0.5,0.167,0.0,1,1,0,0,0,0,0,0
East vs West 13,EvW,"July 6, 2024",Dimitrina Petrova,Ayane Takenaka,Dimitrina Petrova,30,25,Hook,Toproll,Toproll,Hook,60.0,58.0,2.0,165.0,156.0,9.0,Bulgaria,Japan,0,0,0,domestic,1,39.7,53.4,40.4,female,female,False,False,6,1,0,0,1.0,0.5,0.0,0.5,0,0,0,0,0,0,0,0
East vs West 13,EvW,"July 6, 2024",Betkili Oniani,Artem Taynov,Betkili Oniani,28,36,Hook,Press,Toproll,Press,95.0,95.0,0.0,190.0,181.0,9.0,Georgia,Russia,0,0,0,domestic,1,37.2,58.5,40.4,male,male,False,True,4,0,3,0,0.6,0.5,0.667,0.5,0,0,0,0,0,0,0,0
East vs West 13,EvW,"July 6, 2024",Barbora Bajciova,Egle Vaitkute,Barbora Bajciova,25,40,Toproll,Hook,Toproll,Hook,122.0,80.0,42.0,188.0,180.0,8.0,Slovakia,Lithuania,0,0,0,domestic,1,53.4,53.4,,female,female,False,False,4,1,3,0,1.0,1.0,0.5,0.333,1,1,0,0,0,0,0,0
East vs West 13,EvW,"July 6, 2024",Daniel Procopciuc,Bozhidar Simeonov,Daniel Procopciuc,24,27,Hook,Toproll,Toproll,Side,78.0,85.0,-7.0,171.0,175.0,-4.0,Moldova,Bulgaria,0,0,0,domestic,1,39.7,53.3,40.4,male,male,False,False,3,0,1,0,0.5,0.5,0.4,0.5,0,0,0,0,0,0,0,0
East vs West 13,EvW,"July 6, 2024",Todd Hutchings,Krasimir Kostadinov,Todd Hutchings,58,37,Side,Press,Hook,Side,98.0,104.0,-6.0,180.0,180.0,0.0,United States Of America,Bulgaria,0,0,0,domestic,1,58.3,44.2,67.9,male,male,False,False,5,1,3,0,0.75,0.5,0.5,0.5,1,1,0,0,0,10,8,2
East vs West 13,EvW,"July 6, 2024",Irakli Zirakashvili,Evgeny Prudnik,Irakli Zirakashvili,27,37,Toproll,Press,Hook,Toproll,95.0,115.0,-20.0,190.0,185.0,5.0,Georgia,Ukraine,0,0,0,domestic,1,58.5,39.7,59.6,male,male,False,False,6,0,6,2,0.667,0.5,0.5,0.5,2,0,2,0,0,7,2,5
East vs West 13,EvW,"July 6, 2024",Serhii Kalinichenko,Travis Bagent,Serhii Kalinichenko,32,49,Toproll,Press,Toproll,Side,118.0,125.0,-7.0,187.0,191.0,-4.0,Ukraine,United States Of America,0,0,0,domestic,1,58.5,53.3,,male,male,False,False,8,0,3,1,0.571,0.5,0.0,0.5,0,0,0,0,0,0,0,0
East vs West 13,EvW,"July 6, 2024",Oleg Petrenko,David Dadikyan,Oleg Petrenko,29,26,Side,Toproll,Hook,,104.0,115.0,-11.0,180.0,185.0,-5.0,Ukraine,Armenia,0,0,0,domestic,1,69.2,,67.9,male,male,True,False,3,0,4,0,0.714,0.5,0.75,0.5,0,0,0,0,0,10,3,7
East vs West 13,EvW,"July 6, 2024",Davit Samushia,Sasho Andreev,Davit Samushia,33,28,Press,Hook,Hook,,85.0,88.0,-3.0,178.0,169.0,9.0,Georgia,Bulgaria,0,0,0,domestic,1,82.4,,83.3,male,male,True,False,5,2,7,1,0.833,0.5,0.4,0.5,1,0,1,0,0,0,0,0
East vs West 13,EvW,"July 6, 2024",Vitaly Laletin,Artyom Morozov,Vitaly Laletin,35,27,Toproll,,Toproll,Hook,140.0,142.0,-2.0,205.0,195.0,10.0,Russia,Kazakhstan,0,0,0,domestic,1,,53.4,,male,male,False,False,11,4,8,0,0.875,0.5,0.733,1.0,0,0,0,0,0,5,3,2
East vs West 12,EvW,"April 20, 2024",Stoyan Golemanov,Brandon Ellsessor,Stoyan Golemanov,,34,Toproll,Hook,Hook,Toproll,,85.0,,,182.0,,Bulgaria,United States Of America,0,0,0,domestic,1,53.4,39.7,59.6,male,male,False,False,5,2,0,0,1.0,0.5,0.0,0.5,0,0,0,0,0,0,0,0
East vs West 12,EvW,"April 20, 2024",Betkili Oniani,Talgat Aktaev,Betkili Oniani,28,,Hook,Press,Hook,Side,95.0,,,190.0,,,Georgia,Kazakhstan,0,0,0,domestic,1,37.2,44.2,,male,male,False,False,4,1,6,1,0.6,0.5,0.0,0.5,0,0,0,0,0,0,0,0
East vs West 12,EvW,"April 20, 2024",Petro Marharint,Nugzari Chikadze,Petro Marharint,36,27,Hook,Side,Side,Toproll,105.0,105.0,0.0,180.0,173.0,7.0,Ukraine,Georgia,0,0,0,domestic,1,44.2,69.2,32.1,male,male,False,False,9,1,3,0,1.0,0.5,0.667,1.0,0,0,0,0,0,0,0,0
East vs West 12,EvW,"April 20, 2024",Ibragim Sagov,Sandris Sedis,Ibragim Sagov,35,31,Press,Side,Toproll,Hook,115.0,114.0,1.0,192.0,194.0,-2.0,Russia,Latvia,0,0,0,domestic,1,50.0,53.4,54.5,male,male,False,False,7,0,4,0,0.6,0.5,0.6,1.0,0,0,0,0,0,1,1,0
East vs West 12,EvW,"April 20, 2024",Fia Reisek,Ekaterina Nikisheva,Fia Reisek,40,,Unknown,,Toproll,Hook,69.0,,,170.0,,,Sweden,Russia,0,0,0,domestic,1,,53.4,,male,male,False,False,7,2,3,0,1.0,1.0,0.0,0.5,0,0,0,0,0,0,0,0
East vs West 12,EvW,"April 20, 2024",Artur Makarov,Mindaugas Tarasaitis,Artur Makarov,31,34,Hook,Toproll,Toproll,Side,77.0,76.0,1.0,174.0,178.0,-4.0,Russia,Lithuania,0,0,0,domestic,1,39.7,53.3,40.4,male,male,False,False,6,2,6,1,0.75,0.5,0.778,0.5,0,0,0,0,0,0,0,0
East vs West 12,EvW,"April 20, 2024",Kamil Jablonski,Tobias Sporrong,Kamil Jablonski,39,27,Press,,Side,Hook,128.0,130.0,-2.0,189.0,193.0,-4.0,Poland,Sweden,0,0,0,domestic,1,,47.4,50.0,male,male,False,False,5,1,3,1,0.429,0.5,0.4,0.0,0,0,0,0,0,0,0,0
East vs West 12,EvW,"April 20, 2024",Leonidas Arkona,Aleksandr Beziazykov,Leonidas Arkona,26,24,Toproll,Hook,Toproll,Hook,128.0,116.0,12.0,182.0,195.0,-13.0,Germany,Russia,0,0,0,domestic,1,53.4,53.4,,male,male,False,False,2,0,6,1,0.667,0.0,0.6,0.5,0,0,0,0,0,0,0,0
East vs West 12,EvW,"April 20, 2024",Michael Todd,Frank Lamparelli,Michael Todd,51,46,King's Move,Side,Unknown,,105.0,115.0,-10.0,191.0,191.0,0.0,United States Of America,Italy,0,0,0,domestic,1,45.5,,,male,male,False,False,7,1,2,0,0.5,0.0,0.0,1.0,0,0,0,0,0,2,2,0
East vs West 12,EvW,"April 20, 2024",Davit Samushia,Nurdalet Aidarkhan,Davit Samushia,33,27,Press,Hook,Toproll,Hook,85.0,75.0,10.0,178.0,175.0,3.0,Georgia,Kazakhstan,0,0,0,domestic,1,82.4,53.4,54.5,male,male,True,False,4,2,5,0,0.833,0.5,0.667,0.5,0,0,0,0,0,0,0,0
East vs West 12,EvW,"April 20, 2024",Irakli Zirakashvili,Sasho Andreev,Irakli Zirakashvili,27,28,Toproll,Press,Hook,,95.0,88.0,7.0,190.0,169.0,21.0,Georgia,Bulgaria,0,0,0,domestic,1,58.5,,59.6,male,male,False,False,5,1,2,0,0.667,0.5,0.4,0.5,0,0,0,0,0,3,1,2
East vs West 12,EvW,"April 20, 2024",Alex Kurdecha,Georgi Tsvetkov,Alex Kurdecha,36,36,Toproll,Press,Toproll,Side,150.0,165.0,-15.0,201.0,190.0,11.0,Poland,Bulgaria,0,0,0,domestic,1,58.5,53.3,,male,male,False,False,3,1,6,1,0.286,0.0,0.5,0.5,1,0,1,0,0,6,1,5
East vs West 12,EvW,"April 20, 2024",Alizhan Muratov,Ermes Gasparini,Alizhan Muratov,27,31,Toproll,Hook,Toproll,Press,104.0,130.0,-26.0,180.0,188.0,-8.0,Kazakhstan,Italy,0,0,0,domestic,1,53.4,58.5,,male,male,False,False,10,2,5,0,1.0,0.5,0.6,0.667,0,0,0,0,0,0,0,0
East vs West 12,EvW,"April 20, 2024",Levan Saginashvili,Devon Larratt,Levan Saginashvili,36,50,Toproll,Press,Toproll,King's Move,178.0,120.0,58.0,193.0,196.0,-3.0,Georgia,Canada,0,1,1,transatlantic,1,58.5,80.0,,male,male,True,False,17,3,5,0,1.0,1.0,0.5,0.8,0,0,0,1,1,4,3,1
East vs West 11,EvW,"January 20, 2024",Aymeric Pradines,Robbie Topie,Aymeric Pradines,,46,Toproll,Hook,Toproll,Hook,,114.0,,,185.0,,France,United States Of America,0,0,0,domestic,1,53.4,53.4,,male,male,False,False,5,0,0,0,1.0,0.5,0.0,0.5,0,0,0,0,0,0,0,0
East vs West 11,EvW,"January 20, 2024",Nurdalet Aidarkhan,Vala Ichqiti,Nurdalet Aidarkhan,27,,Toproll,Hook,Side,Hook,75.0,,,175.0,,,Kazakhstan,Georgia,0,0,0,domestic,1,53.4,47.4,57.1,male,male,False,False,3,1,7,0,0.667,0.5,0.0,0.5,0,0,0,0,0,0,0,0
East vs West 11,EvW,"January 20, 2024",Oleg Petrenko,Marcio Barboza,Oleg Petrenko,29,52,Side,Toproll,Toproll,Hook,104.0,111.0,-7.0,180.0,183.0,-3.0,Ukraine,Brazil,0,1,1,transatlantic,1,69.2,53.4,42.9,male,male,False,False,8,1,3,0,0.714,0.5,0.0,0.5,0,0,0,0,0,1,0,1
East vs West 11,EvW,"January 20, 2024",Oleg Zhokh,Avtandil Tutberidze,Oleg Zhokh,32,27,Toproll,Hook,Toproll,,85.0,80.0,5.0,183.0,178.0,5.0,Ukraine,Georgia,0,0,0,domestic,1,53.4,,,male,male,False,False,9,3,0,0,0.6,0.5,0.0,0.5,0,0,0,0,0,0,0,0
East vs West 11,EvW,"January 20, 2024",Mindaugas Tarasaitis,Daniel Procopciuc,Mindaugas Tarasaitis,34,24,Toproll,Side,Hook,Toproll,76.0,78.0,-2.0,178.0,171.0,7.0,Lithuania,Moldova,0,0,0,domestic,1,53.3,39.7,59.6,male,male,False,False,1,0,8,2,0.778,0.5,0.5,0.5,0,0,0,0,0,0,0,0
East vs West 11,EvW,"January 20, 2024",Artem Taynov,Zurab Tavberidze,Artem Taynov,36,28,Toproll,Press,Hook,Side,95.0,105.0,-10.0,181.0,180.0,1.0,Russia,Georgia,0,0,0,domestic,1,58.5,44.2,59.6,male,male,False,False,10,2,4,1,0.667,0.5,0.455,1.0,0,0,0,0,0,0,0,0
East vs West 11,EvW,"January 20, 2024",Irakli Zirakashvili,Paul Linn,Irakli Zirakashvili,27,44,Toproll,Press,Side,Hook,95.0,95.0,0.0,190.0,183.0,7.0,Georgia,United States Of America,0,0,0,domestic,1,58.5,47.4,57.1,male,male,False,False,11,3,2,0,0.667,0.5,0.636,0.5,0,0,0,0,0,0,0,0
East vs West 11,EvW,"January 20, 2024",Matt Mask,Wagner Bortolato,Matt Mask,43,44,Toproll,Hook,Hook,Press,114.0,151.0,-37.0,196.0,188.0,8.0,Canada,Brazil,1,1,0,domestic,1,53.4,37.2,59.6,male,male,False,False,9,1,4,0,1.0,0.455,0.0,0.333,0,0,0,0,0,4,3,1
East vs West 11,EvW,"January 20, 2024",Davit Samushia,Vladimir Maiorov,Davit Samushia,33,31,Press,Hook,Hook,,85.0,85.0,0.0,178.0,179.0,-1.0,Georgia,Russia,0,0,0,domestic,1,82.4,,83.3,male,male,False,False,10,1,1,0,0.833,0.5,0.333,0.5,0,0,0,0,0,0,0,0
East vs West 11,EvW,"January 20, 2024",Ivan Matyushenko,Rino Masic,Ivan Matyushenko,40,21,Hook,,Press,Hook,114.0,115.0,-1.0,192.0,187.0,5.0,Russia,Croatia,0,0,0,domestic,1,,82.4,16.7,male,male,False,False,13,2,0,0,0.667,0.5,0.75,0.5,0,0,0,0,0,0,0,0
East vs West 11,EvW,"January 20, 2024",Krasimir Kostadinov,John Brzenk,Krasimir Kostadinov,37,60,Hook,Side,Hook,Toproll,104.0,104.0,0.0,180.0,181.0,-1.0,Bulgaria,United States Of America,0,0,0,domestic,1,44.2,39.7,,male,male,False,False,2,2,9,0,0.5,0.5,0.4,0.0,0,0,0,0,0,3,0,3
East vs West 11,EvW,"January 20, 2024",Alizhan Muratov,Evgeny Prudnik,Alizhan Muratov,27,37,Toproll,Hook,Hook,Toproll,104.0,115.0,-11.0,180.0,185.0,-5.0,Kazakhstan,Ukraine,0,0,0,domestic,1,53.4,39.7,59.6,male,male,False,False,4,1,7,2,1.0,0.5,0.5,0.5,0,0,0,0,0,0,0,0
East vs West 11,EvW,"January 20, 2024",David Dadikyan,Todd Hutchings,David Dadikyan,26,58,Hook,,Side,Press,115.0,98.0,17.0,185.0,180.0,5.0,Armenia,United States Of America,0,0,0,domestic,1,,58.3,32.1,male,male,False,False,2,2,13,1,0.75,0.5,0.75,0.5,0,0,0,0,0,2,2,0
East vs West 11,EvW,"January 20, 2024",Artyom Morozov,Alex Kurdecha,Artyom Morozov,27,36,Toproll,Hook,Toproll,Press,142.0,150.0,-8.0,195.0,201.0,-6.0,Kazakhstan,Poland,0,0,0,domestic,1,53.4,58.5,,male,male,True,False,9,2,4,0,0.733,1.0,0.286,0.0,0,0,0,0,0,0,0,0
East vs West X,EvW,"November 11, 2023",Fia Reisek,Rosa Acosta (Boltadano),Fia Reisek,40,42,Unknown,,Toproll,Side,69.0,64.0,5.0,170.0,168.0,2.0,Sweden,Dominican Republic,0,1,1,transatlantic,1,,53.3,,male,male,False,False,1,0,0,0,1.0,1.0,0.5,0.0,0,0,0,0,0,0,0,0
East vs West X,EvW,"November 11, 2023",Frank Lamparelli,Matt Mask,Frank Lamparelli,46,43,Unknown,,Toproll,Hook,115.0,114.0,1.0,191.0,196.0,-5.0,Italy,Canada,0,1,1,transatlantic,1,,53.4,,male,male,False,False,1,0,5,0,0.0,1.0,1.0,0.455,0,0,0,0,0,0,0,0
East vs West X,EvW,"November 11, 2023",Artem Taynov,Sasho Andreev,Artem Taynov,36,28,Toproll,Press,Hook,,95.0,88.0,7.0,181.0,169.0,12.0,Russia,Bulgaria,0,0,0,domestic,1,58.5,,59.6,male,male,False,False,3,0,4,0,0.667,0.5,0.4,0.5,0,0,0,0,0,0,0,0
East vs West X,EvW,"November 11, 2023",Ivan Matyushenko,Kamil Jablonski,Ivan Matyushenko,40,39,Hook,,Press,,114.0,128.0,-14.0,192.0,189.0,3.0,Russia,Poland,0,0,0,domestic,1,,,16.7,male,male,False,False,4,0,0,0,0.667,0.5,0.429,0.5,0,0,0,0,0,0,0,0
East vs West X,EvW,"November 11, 2023",Davit Samushia,Abdulmanaf Tuzuyev,Davit Samushia,33,26,Press,Hook,Toproll,,85.0,81.0,4.0,178.0,180.0,-2.0,Georgia,Kazakhstan,0,0,0,domestic,1,82.4,,54.5,male,male,False,False,4,0,0,0,0.833,0.5,0.0,0.5,0,0,0,0,0,0,0,0
East vs West X,EvW,"November 11, 2023",Irakli Zirakashvili,Rustam Babayev,Irakli Zirakashvili,27,43,Toproll,Press,Hook,,95.0,95.0,0.0,190.0,172.0,18.0,Georgia,Ukraine,0,0,0,domestic,1,58.5,,59.6,male,male,False,False,0,0,4,0,0.667,0.5,0.4,0.5,0,0,0,0,0,0,0,0
East vs West X,EvW,"November 11, 2023",Egle Vaitkute,Sarah Backman,Egle Vaitkute,40,33,Toproll,Hook,Hook,Toproll,80.0,80.0,0.0,180.0,174.0,6.0,Lithuania,United States Of America,0,0,0,domestic,1,53.4,39.7,59.6,female,male,False,False,1,0,4,0,0.5,0.333,0.667,0.0,0,0,0,0,0,0,0,0
East vs West X,EvW,"November 11, 2023",Georgi Tsvetkov,Zaur Paizulaev,Georgi Tsvetkov,36,43,Toproll,Side,Toproll,Hook,165.0,167.0,-2.0,190.0,188.0,2.0,Bulgaria,Russia,0,0,0,domestic,1,53.3,53.4,,male,male,False,False,5,0,0,0,0.5,0.5,0.0,0.5,0,0,0,0,0,0,0,0
East vs West X,EvW,"November 11, 2023",Todd Hutchings,Kydyrgali Ongarbaev,Todd Hutchings,58,30,Side,Press,Toproll,Hook,98.0,105.0,-7.0,180.0,186.0,-6.0,United States Of America,Kazakhstan,0,0,0,domestic,1,58.3,53.4,42.9,male,male,False,False,2,0,3,0,0.75,0.5,0.6,0.0,0,0,0,0,0,2,1,1
East vs West X,EvW,"November 11, 2023",Sasho Andreev,John Brzenk,Sasho Andreev,28,60,Hook,,Hook,Toproll,88.0,104.0,-16.0,169.0,181.0,-12.0,Bulgaria,United States Of America,0,0,0,domestic,1,,39.7,,male,male,False,False,4,0,6,0,0.4,0.5,0.4,0.0,0,0,0,0,0,0,0,0
East vs West X,EvW,"November 11, 2023",Devon Larratt,Denis Cyplenkov,Devon Larratt,50,43,Toproll,King's Move,King's Move,Hook,120.0,130.0,-10.0,196.0,186.0,10.0,Canada,Russia,1,0,-1,transatlantic,1,80.0,16.7,100.0,male,male,False,False,6,1,4,0,0.5,0.8,1.0,0.0,0,0,0,0,0,0,0,0
East vs West 9,EvW,"August 26, 2023",Thomas Manghi,Dustin Hyatt,Thomas Manghi,,28,Toproll,Hook,Toproll,,,102.0,,,185.0,,Italy,USA,0,0,0,domestic,1,53.4,,,male,male,False,False,1,0,0,0,1.0,0.5,0.0,0.5,0,0,0,0,0,0,0,0
East vs West 9,EvW,"August 26, 2023",Brad Grundy,Kyle Hutchison,Brad Grundy,27,,Unknown,,Hook,Toproll,114.0,,,183.0,,,United States Of America,United Kingdom,0,0,0,domestic,1,,39.7,,male,male,False,False,0,0,0,0,0.5,0.5,0.0,0.5,0,0,0,0,0,0,0,0
East vs West 9,EvW,"August 26, 2023",Derek Smith,Mehdi Abvolvand,Derek Smith,39,,Hook,Toproll,Hook,Press,133.0,,,203.0,,,United States Of America,Iran (Islamic Republic of),0,0,0,domestic,1,39.7,37.2,,male,male,False,False,1,0,0,0,0.333,0.0,0.0,0.5,0,0,0,0,0,0,0,0
East vs West 9,EvW,"August 26, 2023",Evgeny Prudnik,David Dadikyan,Evgeny Prudnik,37,26,Hook,Toproll,Hook,,115.0,115.0,0.0,185.0,185.0,0.0,Ukraine,Armenia,0,0,0,domestic,1,39.7,,,male,male,False,False,1,0,0,0,0.5,0.5,0.75,0.5,0,0,0,0,0,0,0,0
East vs West 9,EvW,"August 26, 2023",Adam Wawrzynski,Artur Makarov,Adam Wawrzynski,28,31,Toproll,Hook,Hook,Toproll,93.0,77.0,16.0,183.0,174.0,9.0,United States Of America,Russia,0,0,0,domestic,1,53.4,39.7,59.6,male,male,False,False,0,0,0,0,0.5,0.5,0.75,0.5,0,0,0,0,0,0,0,0
East vs West 9,EvW,"August 26, 2023",Georgii Dzeranov,Ferit Osmanli,Georgii Dzeranov,38,43,Hook,Side,Hook,Toproll,123.0,137.0,-14.0,190.0,187.0,3.0,Kazakhstan,Turkey,0,0,0,domestic,1,44.2,39.7,,male,male,False,False,1,0,0,0,0.571,1.0,0.0,0.0,1,1,0,0,0,0,0,0
East vs West 9,EvW,"August 26, 2023",Ivan Matyushenko,Davit Arabuli,Ivan Matyushenko,40,28,Hook,,Toproll,Hook,114.0,120.0,-6.0,192.0,188.0,4.0,Russia,Georgia,0,0,0,domestic,1,,53.4,40.4,male,male,False,False,1,0,0,0,0.667,0.5,0.5,0.5,0,0,0,0,0,0,0,0
East vs West 9,EvW,"August 26, 2023",Davit Samushia,Vala Ichqiti,Davit Samushia,33,,Press,Hook,Side,Hook,85.0,,,178.0,,,Georgia,Georgia,0,0,0,domestic,1,82.4,47.4,50.0,male,male,False,False,0,0,1,0,0.833,0.5,0.0,0.5,0,0,0,0,0,0,0,0
East vs West 9,EvW,"August 26, 2023",David Dadikyan,Irakli Zirakashvili,David Dadikyan,26,27,Hook,,Toproll,Press,115.0,95.0,20.0,185.0,190.0,-5.0,Armenia,Georgia,0,0,0,domestic,1,,58.5,40.4,male,male,False,False,0,0,0,0,0.75,0.5,0.667,0.5,0,0,0,0,0,0,0,0
East vs West 9,EvW,"August 26, 2023",Paul Linn,Ruslan Babaiev,Paul Linn,44,,Side,Hook,Hook,Side,95.0,,,183.0,,,United States Of America,Ukraine,0,0,0,domestic,1,47.4,44.2,67.9,male,male,False,False,2,0,0,0,0.636,0.5,0.0,0.5,0,0,0,0,0,0,0,0
East vs West 9,EvW,"August 26, 2023",Todd Hutchings,Ibragim Sagov,Todd Hutchings,58,35,Side,Press,Press,Side,98.0,115.0,-17.0,180.0,192.0,-12.0,United States Of America,Russia,0,0,0,domestic,1,58.3,50.0,50.0,male,male,False,False,1,0,0,0,0.75,0.5,0.6,0.5,0,0,0,0,0,0,0,0
East vs West 9,EvW,"August 26, 2023",Vitaly Laletin,Revaz Lutidze,Vitaly Laletin,35,39,Toproll,,Toproll,Hook,140.0,145.0,-5.0,205.0,195.0,10.0,Russia,Georgia,0,0,0,domestic,1,,53.4,,male,male,False,False,3,0,0,0,0.875,0.5,0.5,0.5,0,0,0,0,0,1,1,0
East vs West 9,EvW,"August 26, 2023",Devon Larratt,Ermes Gasparini,Devon Larratt,50,31,Toproll,King's Move,Toproll,Press,120.0,130.0,-10.0,196.0,188.0,8.0,Canada,Italy,1,0,-1,transatlantic,1,80.0,58.5,,male,male,False,False,2,0,2,0,0.5,0.8,0.6,0.667,1,0,1,0,0,7,2,5
East vs West 8,EvW,"July 29, 2023",Mindaugas Tarasaitis,Hristo Delidzhakov,Mindaugas Tarasaitis,34,,Toproll,Side,Toproll,Hook,76.0,,,178.0,,,Lithuania,Bulgaria,0,0,0,domestic,1,53.3,53.4,,male,male,False,False,0,1,0,0,0.778,0.5,0.0,0.5,0,0,0,0,0,0,0,0
East vs West 8,EvW,"July 29, 2023",Carolina Pettersson,Elizabeth Mocek,Carolina Pettersson,34,,Toproll,Hook,Toproll,,60.0,,,166.0,,,Sweden,United States Of America,0,0,0,domestic,1,53.4,,,male,female,False,False,0,0,0,0,0.667,0.5,0.5,0.5,0,0,0,0,0,0,0,0
East vs West 8,EvW,"July 29, 2023",Toms Rozits,Justin Bishop,Toms Rozits,32,36,Hook,Toproll,King's Move,Press,85.0,82.0,3.0,184.0,183.0,1.0,Latvia,United States Of America,0,0,0,domestic,1,39.7,0.0,60.0,male,male,False,False,3,0,1,0,1.0,0.5,0.0,0.5,0,0,0,0,0,0,0,0
East vs West 8,EvW,"July 29, 2023",Lachlan Adair,Andrei Chipreanov,Lachlan Adair,35,28,Hook,Press,Hook,Toproll,107.0,95.0,12.0,186.0,180.0,6.0,Australia,Moldova,0,0,0,domestic,1,37.2,39.7,,male,male,False,False,0,0,0,0,0.286,0.5,0.0,0.5,0,0,0,0,0,0,0,0
East vs West 8,EvW,"July 29, 2023",Rino Masic,Terence Opperman,Rino Masic,21,,Press,Hook,Hook,,115.0,105.0,10.0,187.0,,,Croatia,South Africa,0,0,0,domestic,1,82.4,,83.3,male,male,False,False,0,0,0,0,0.75,0.5,0.0,0.5,0,0,0,0,0,0,0,0
East vs West 8,EvW,"July 29, 2023",Oleg Petrenko,Chance Shaw,Oleg Petrenko,29,26,Side,Toproll,Hook,Toproll,104.0,130.0,-26.0,180.0,183.0,-3.0,Ukraine,United States Of America,0,0,0,domestic,1,69.2,39.7,67.9,male,male,False,False,3,0,0,0,0.714,0.5,0.167,0.0,0,0,0,0,0,0,0,0
East vs West 8,EvW,"July 29, 2023",Daniel Procopciuc,Emil Amirshadyan,Daniel Procopciuc,24,,Hook,Toproll,Toproll,Hook,78.0,,,171.0,,,Moldova,Armenia,0,0,0,domestic,1,39.7,53.4,40.4,male,male,False,False,2,1,0,0,0.5,0.5,0.0,0.5,0,0,0,0,0,0,0,0
East vs West 8,EvW,"July 29, 2023",Sandris Sedis,Pavlo Derbedyenyev,Sandris Sedis,31,44,Toproll,Hook,Toproll,Hook,114.0,120.0,-6.0,194.0,185.0,9.0,Latvia,Ukraine,0,0,0,domestic,1,53.4,53.4,,male,male,False,False,4,0,1,1,0.6,1.0,0.0,1.0,0,0,0,0,0,0,0,0
East vs West 8,EvW,"July 29, 2023",Wagner Bortolato,Ferit Osmanli,Wagner Bortolato,44,43,Hook,Press,Hook,Toproll,151.0,137.0,14.0,188.0,187.0,1.0,Brazil,Turkey,1,0,-1,transatlantic,1,37.2,39.7,,male,male,False,False,3,0,2,0,0.0,0.333,0.0,0.0,0,0,0,0,0,0,0,0
East vs West 8,EvW,"July 29, 2023",Georgi Tsvetkov,Artyom Morozov,Georgi Tsvetkov,36,27,Toproll,Side,Toproll,Hook,165.0,142.0,23.0,190.0,195.0,-5.0,Bulgaria,Kazakhstan,0,0,0,domestic,1,53.3,53.4,,male,male,False,False,0,0,3,1,0.5,0.5,0.733,1.0,0,0,0,0,0,1,1,0
East vs West 8,EvW,"July 29, 2023",Ermes Gasparini,Jerry Cadorette,Ermes Gasparini,31,52,Toproll,Press,Press,,130.0,147.0,-17.0,188.0,187.0,1.0,Italy,United States Of America,0,0,0,domestic,1,58.5,,45.5,male,male,False,False,6,0,3,1,0.6,0.667,0.6,0.5,0,0,0,0,0,1,0,1
East vs West 7,EvW,"May 6, 2023",Mindaugas Tarasaitis,Oleg Cherkasov,Mindaugas Tarasaitis,34,34,Toproll,Side,Hook,Toproll,76.0,70.0,6.0,178.0,182.0,-4.0,Lithuania,Russia,0,0,0,domestic,1,53.3,39.7,59.6,male,male,False,False,0,0,0,0,0.778,0.5,0.5,0.5,0,0,0,0,0,0,0,0
East vs West 7,EvW,"May 6, 2023",Bacho Saginashvili,Adam Wawrzynski,Bacho Saginashvili,20,28,Hook,Side,Toproll,Hook,95.0,93.0,2.0,186.0,183.0,3.0,Georgia,United States Of America,0,0,0,domestic,1,44.2,53.4,40.4,male,male,False,False,6,0,4,0,0.667,0.5,0.5,0.5,0,0,0,0,0,0,0,0
East vs West 7,EvW,"May 6, 2023",Daniel Procopciuc,Doug Erlich,Daniel Procopciuc,24,42,Hook,Toproll,Hook,Press,78.0,77.0,1.0,171.0,185.0,-14.0,Moldova,United States,0,0,0,domestic,1,39.7,37.2,,male,male,False,False,10,2,0,0,0.5,0.5,0.333,0.5,0,0,0,0,0,0,0,0
East vs West 7,EvW,"May 6, 2023",Zurab Tavberidze,Rob Vigeant Jr.,Zurab Tavberidze,28,44,Hook,Side,Hook,Press,105.0,104.0,1.0,180.0,188.0,-8.0,Georgia,United States Of America,0,0,0,domestic,1,44.2,37.2,,male,male,False,False,10,2,2,0,0.455,1.0,0.0,0.5,0,0,0,0,0,0,0,0
East vs West 7,EvW,"May 6, 2023",Alizhan Muratov,Kody Merritt,Alizhan Muratov,27,51,Toproll,Hook,King's Move,Toproll,104.0,153.0,-49.0,180.0,188.0,-8.0,Kazakhstan,United States Of America,0,0,0,domestic,1,53.4,14.3,100.0,male,male,False,False,11,1,0,0,1.0,0.5,0.0,0.5,0,0,0,0,0,0,0,0
East vs West 7,EvW,"May 6, 2023",Georgii Dzeranov,Arif Ertem,Georgii Dzeranov,38,34,Hook,Side,Toproll,Hook,123.0,150.0,-27.0,190.0,186.0,4.0,Kazakhstan,Turkey,0,0,0,domestic,1,44.2,53.4,40.4,male,male,False,False,3,0,8,1,0.571,1.0,0.4,0.5,0,0,0,0,0,0,0,0
East vs West 7,EvW,"May 6, 2023",Vitaly Laletin,Tobias Sporrong,Vitaly Laletin,35,27,Toproll,,Side,Hook,140.0,130.0,10.0,205.0,193.0,12.0,Russia,Sweden,0,0,0,domestic,1,,47.4,57.1,male,male,False,False,9,2,3,0,0.875,0.5,0.4,0.0,0,0,0,0,0,0,0,0
East vs West 7,EvW,"May 6, 2023",Davit Samushia,Brandon Ellsessor,Davit Samushia,33,34,Press,Hook,Hook,Toproll,85.0,85.0,0.0,178.0,182.0,-4.0,Georgia,United States Of America,0,0,0,domestic,1,82.4,39.7,83.3,male,male,False,False,9,0,0,0,0.833,0.5,0.0,0.5,0,0,0,0,0,0,0,0
East vs West 7,EvW,"May 6, 2023",Sasho Andreev,Paul Linn,Sasho Andreev,28,44,Hook,,Side,Hook,88.0,95.0,-7.0,169.0,183.0,-14.0,Bulgaria,United States Of America,0,0,0,domestic,1,,47.4,32.1,male,male,False,False,4,0,0,1,0.4,0.5,0.636,0.5,0,0,0,0,0,0,0,0
East vs West 7,EvW,"May 6, 2023",Revaz Lutidze,Dave Chaffee,Revaz Lutidze,39,48,Toproll,Hook,Side,Press,145.0,125.0,20.0,195.0,188.0,7.0,Georgia,United States Of America,0,0,0,domestic,1,53.4,58.3,57.1,male,male,False,False,2,0,8,0,0.5,0.5,0.375,0.0,0,0,0,0,0,2,1,1
East vs West 7,EvW,"May 6, 2023",Kydyrgali Ongarbaev,Irakli Zirakashvili,Kydyrgali Ongarbaev,30,27,Toproll,Hook,Toproll,Press,105.0,95.0,10.0,186.0,190.0,-4.0,Kazakhstan,Georgia,0,0,0,domestic,1,53.4,58.5,,male,male,False,False,10,2,2,0,0.6,0.0,0.667,0.5,0,0,0,0,0,1,1,0
East vs West 7,EvW,"May 6, 2023",Genadi Kvikvinia,Devon Larratt,Genadi Kvikvinia,40,50,Hook,Press,Toproll,King's Move,140.0,120.0,20.0,185.0,196.0,-11.0,Georgia,Canada,0,1,1,transatlantic,1,37.2,80.0,40.4,male,male,False,False,5,2,7,0,0.429,0.5,0.5,0.8,0,0,0,0,0,3,0,3
East vs West 6,EvW,"January 21, 2023",Doug Erlich,Raimonds Liepins,Doug Erlich,42,34,Hook,Press,Hook,Press,77.0,83.0,-6.0,185.0,170.0,15.0,United States,Latvia,0,0,0,domestic,1,37.2,37.2,,male,male,False,False,1,0,4,0,0.333,0.5,0.6,0.0,0,0,0,0,0,0,0,0
East vs West 6,EvW,"January 21, 2023",Ahmet Yenerer,Robert Baxter,Ahmet Yenerer,53,60,Press,Hook,Hook,Toproll,121.0,119.0,2.0,183.0,193.0,-10.0,Turkey,United States Of America,0,0,0,domestic,1,82.4,39.7,83.3,male,male,False,False,0,0,2,0,1.0,0.5,0.0,0.5,0,0,0,0,0,0,0,0
East vs West 6,EvW,"January 21, 2023",Efe Komek,Beket Aitbek,Efe Komek,30,22,Toproll,Hook,Toproll,Press,120.0,113.0,7.0,186.0,185.0,1.0,Turkey,Kazakhstan,0,0,0,domestic,1,53.4,58.5,,male,male,False,False,1,0,0,0,0.8,0.5,0.0,0.5,0,0,0,0,0,0,0,0
East vs West 6,EvW,"January 21, 2023",Corey West,Ferit Osmanli,Corey West,34,43,Hook,Side,Hook,Toproll,195.0,137.0,58.0,192.0,187.0,5.0,United States Of America,Turkey,0,0,0,domestic,1,44.2,39.7,,male,male,False,False,8,0,0,0,0.286,0.0,0.0,0.0,0,0,0,0,0,0,0,0
East vs West 6,EvW,"January 21, 2023",Davit Arabuli,Chance Shaw,Davit Arabuli,28,26,Toproll,Hook,Hook,Toproll,120.0,130.0,-10.0,188.0,183.0,5.0,Georgia,United States Of America,0,0,0,domestic,1,53.4,39.7,59.6,male,male,False,False,2,0,3,0,0.5,0.5,0.167,0.0,0,0,0,0,0,0,0,0
East vs West 6,EvW,"January 21, 2023",Nurdalet Aidarkhan,Mindaugas Tarasaitis,Nurdalet Aidarkhan,27,34,Toproll,Hook,Toproll,Side,75.0,76.0,-1.0,175.0,178.0,-3.0,Kazakhstan,Lithuania,0,0,0,domestic,1,53.4,53.3,,male,male,False,False,5,0,2,0,0.667,0.5,0.778,0.5,0,0,0,0,0,0,0,0
East vs West 6,EvW,"January 21, 2023",Zurab Tavberidze,Curtis Cameron,Zurab Tavberidze,28,39,Hook,Side,Toproll,,105.0,115.0,-10.0,180.0,175.0,5.0,Georgia,Canada,0,1,1,transatlantic,1,44.2,,40.4,male,male,False,False,3,0,2,0,0.455,1.0,0.5,0.0,0,0,0,0,0,0,0,0
East vs West 6,EvW,"January 21, 2023",Barbora Bajciova,Gabriela Vasconcelos,Barbora Bajciova,25,37,Toproll,Hook,Hook,Toproll,122.0,80.0,42.0,188.0,157.0,31.0,Slovakia,Brazil,0,1,1,transatlantic,1,53.4,39.7,59.6,female,female,False,False,2,0,4,0,1.0,1.0,0.5,0.6,0,0,0,0,0,0,0,0
East vs West 6,EvW,"January 21, 2023",Irakli Zirakashvili,John Brzenk,Irakli Zirakashvili,27,60,Toproll,Press,Hook,Toproll,95.0,104.0,-9.0,190.0,181.0,9.0,Georgia,United States Of America,0,0,0,domestic,1,58.5,39.7,59.6,male,male,False,False,2,0,8,1,0.667,0.5,0.4,0.0,0,0,0,0,0,1,0,1
East vs West 6,EvW,"January 21, 2023",Davit Samushia,Craig Tullier,Davit Samushia,33,52,Press,Hook,Side,Press,85.0,85.0,0.0,178.0,175.0,3.0,Georgia,United States Of America,0,0,0,domestic,1,82.4,58.3,50.0,male,male,False,False,7,0,1,0,0.833,0.5,0.5,1.0,0,0,0,0,0,0,0,0
East vs West 6,EvW,"January 21, 2023",Alizhan Muratov,Oleg Petrenko,Alizhan Muratov,27,29,Toproll,Hook,Side,Toproll,104.0,104.0,0.0,180.0,180.0,0.0,Kazakhstan,Ukraine,0,0,0,domestic,1,53.4,69.2,57.1,male,male,False,False,5,0,3,0,1.0,0.5,0.714,0.5,0,0,0,0,0,0,0,0
East vs West 6,EvW,"January 21, 2023",Arif Ertem,Corey West,Arif Ertem,34,34,Toproll,Hook,Hook,Side,150.0,195.0,-45.0,186.0,192.0,-6.0,Turkey,United States Of America,0,0,0,domestic,1,53.4,44.2,59.6,male,male,False,False,5,0,8,0,0.4,0.5,0.286,0.0,0,0,0,0,0,1,1,0
East vs West 6,EvW,"January 21, 2023",Genadi Kvikvinia,Ferit Osmanli,Genadi Kvikvinia,40,43,Hook,Press,Hook,Toproll,140.0,137.0,3.0,185.0,187.0,-2.0,Georgia,Turkey,0,0,0,domestic,1,37.2,39.7,,male,male,False,False,9,0,0,0,0.429,0.5,0.0,0.0,0,0,0,0,0,0,0,0
East vs West 6,EvW,"January 21, 2023",Paul Linn,Rustam Babayev,Paul Linn,44,43,Side,Hook,Hook,,95.0,95.0,0.0,183.0,172.0,11.0,United States Of America,Ukraine,0,0,0,domestic,1,47.4,,67.9,male,male,False,False,3,0,4,0,0.636,0.5,0.4,0.5,0,0,0,0,0,0,0,0
East vs West 6,EvW,"January 21, 2023",Kydyrgali Ongarbaev,Michael Todd,Kydyrgali Ongarbaev,30,51,Toproll,Hook,King's Move,Side,105.0,105.0,0.0,186.0,191.0,-5.0,Kazakhstan,United States Of America,0,0,0,domestic,1,53.4,45.5,100.0,male,male,False,False,4,0,5,0,0.6,0.0,0.5,0.0,0,0,0,0,0,0,0,0
East vs West 6,EvW,"January 21, 2023",Jerry Cadorette,Georgi Tsvetkov,Jerry Cadorette,52,36,Press,,Toproll,Side,147.0,165.0,-18.0,187.0,190.0,-3.0,United States Of America,Bulgaria,0,0,0,domestic,1,,53.3,54.5,male,male,False,False,7,0,1,0,0.6,0.5,0.5,0.5,0,0,0,0,0,0,0,0
East vs West 5,EvW,"November 19, 2022",Zurab Tavberidze,Ryan Bowen,Zurab Tavberidze,28,,Hook,Side,King's Move,Toproll,105.0,91.0,14.0,180.0,185.0,-5.0,Georgia,Australia,0,0,0,domestic,1,44.2,14.3,60.0,male,male,False,False,4,0,0,0,0.455,1.0,0.25,0.5,0,0,0,0,0,0,0,0
East vs West 5,EvW,"November 19, 2022",Georgii Dzeranov,Serhii Kalinichenko,Georgii Dzeranov,38,32,Hook,Side,Toproll,Press,123.0,118.0,5.0,190.0,187.0,3.0,Kazakhstan,Ukraine,0,0,0,domestic,1,44.2,58.5,40.4,male,male,False,False,3,0,0,0,0.571,1.0,0.571,0.5,0,0,0,0,0,0,0,0
East vs West 5,EvW,"November 19, 2022",Mindaugas Tarasaitis,Justin Bishop,Mindaugas Tarasaitis,34,36,Toproll,Side,King's Move,Press,76.0,82.0,-6.0,178.0,183.0,-5.0,Lithuania,United States Of America,0,0,0,domestic,1,53.3,0.0,100.0,male,male,False,False,3,0,0,0,0.778,0.5,0.0,0.5,0,0,0,0,0,0,0,0
East vs West 5,EvW,"November 19, 2022",Adam Wawrzynski,Bozhidar Simeonov,Adam Wawrzynski,28,27,Toproll,Hook,Toproll,Side,93.0,85.0,8.0,183.0,175.0,8.0,United States Of America,Bulgaria,0,0,0,domestic,1,53.4,53.3,,male,male,False,False,0,0,3,0,0.5,0.5,0.4,0.5,0,0,0,0,0,0,0,0
East vs West 5,EvW,"November 19, 2022",Oleg Petrenko,Zurab Tavberidze,Oleg Petrenko,29,28,Side,Toproll,Hook,Side,104.0,105.0,-1.0,180.0,180.0,0.0,Ukraine,Georgia,0,0,0,domestic,1,69.2,44.2,67.9,male,male,False,False,6,0,4,0,0.714,0.5,0.455,1.0,0,0,0,0,0,0,0,0
East vs West 5,EvW,"November 19, 2022",Davit Samushia,Daniel Procopciuc,Davit Samushia,33,24,Press,Hook,Hook,Toproll,85.0,78.0,7.0,178.0,171.0,7.0,Georgia,Moldova,0,0,0,domestic,1,82.4,39.7,83.3,male,male,False,False,4,0,3,0,0.833,0.5,0.5,0.5,0,0,0,0,0,0,0,0
East vs West 5,EvW,"November 19, 2022",Georgii Dzeranov,Wagner Bortolato,Georgii Dzeranov,38,44,Hook,Side,Hook,Press,123.0,151.0,-28.0,190.0,188.0,2.0,Kazakhstan,Brazil,0,1,1,transatlantic,1,44.2,37.2,,male,male,False,False,3,0,1,0,0.571,1.0,0.0,0.333,0,0,0,0,0,0,0,0
East vs West 5,EvW,"November 19, 2022",Paul Linn,lrakli Gamtenadze,Paul Linn,44,,Side,Hook,Hook,,95.0,85.0,10.0,183.0,,,United States Of America,Georgia,0,0,0,domestic,1,47.4,,67.9,male,male,False,False,2,0,4,0,0.636,0.5,0.0,0.5,0,0,0,0,0,0,0,0
East vs West 5,EvW,"November 19, 2022",John Brzenk,Oleg Petrenko,John Brzenk,60,29,Hook,Toproll,Side,Toproll,104.0,104.0,0.0,181.0,180.0,1.0,United States Of America,Ukraine,0,0,0,domestic,1,39.7,69.2,32.1,male,male,False,False,5,1,6,0,0.4,0.0,0.714,0.5,0,0,0,0,0,0,0,0
East vs West 5,EvW,"November 19, 2022",Artyom Morozov,Revaz Lutidze,Artyom Morozov,27,39,Toproll,Hook,Toproll,Hook,142.0,145.0,-3.0,195.0,195.0,0.0,Kazakhstan,Georgia,0,0,0,domestic,1,53.4,53.4,,male,male,True,False,6,1,1,0,0.733,1.0,0.5,0.5,0,0,0,0,0,0,0,0
East vs West 5,EvW,"November 19, 2022",Ermes Gasparini,Dave Chaffee,Ermes Gasparini,31,48,Toproll,Press,Side,Press,130.0,125.0,5.0,188.0,188.0,0.0,Italy,United States Of America,0,0,0,domestic,1,58.5,58.3,57.1,male,male,False,False,5,2,5,0,0.6,0.667,0.375,0.0,1,1,0,0,0,0,0,0
East vs West 5,EvW,"November 19, 2022",Haydar Gildil,Cobra Rhodes,Haydar Gildil,59,60,Toproll,Hook,Toproll,,73.0,75.0,-2.0,177.0,185.0,-8.0,Turkey,United States Of America,0,0,0,domestic,1,53.4,,,male,male,False,False,1,0,2,0,1.0,0.5,0.0,0.5,0,0,0,0,0,0,0,0
East vs West 5,EvW,"November 19, 2022",Sandris Sedis,Matt Mask,Sandris Sedis,31,43,Toproll,Hook,Toproll,Hook,114.0,114.0,0.0,194.0,196.0,-2.0,Latvia,Canada,0,1,1,transatlantic,1,53.4,53.4,,male,male,False,False,2,0,6,0,0.6,1.0,1.0,0.455,0,0,0,0,0,0,0,0
East vs West 5,EvW,"November 19, 2022",Artyom Morozov,Ermes Gasparini,Artyom Morozov,27,31,Toproll,Hook,Toproll,Press,142.0,130.0,12.0,195.0,188.0,7.0,Kazakhstan,Italy,0,0,0,domestic,1,53.4,58.5,,male,male,True,False,6,1,5,2,0.733,1.0,0.6,0.667,0,0,0,0,0,0,0,0
East vs West 5,EvW,"November 19, 2022",Devon Larratt,Evgeny Prudnik,Devon Larratt,50,37,Toproll,King's Move,Hook,Toproll,120.0,115.0,5.0,196.0,185.0,11.0,Canada,Ukraine,1,0,-1,transatlantic,1,80.0,39.7,59.6,male,male,False,False,7,0,5,0,0.5,0.8,0.5,0.5,0,0,0,0,0,1,1,0
East vs West 4,EvW,"August 6, 2022",Raimonds Liepins,Ryan Bowen,Raimonds Liepins,34,,Hook,Press,King's Move,Toproll,83.0,91.0,-8.0,170.0,185.0,-15.0,Latvia,Australia,0,0,0,domestic,1,37.2,14.3,60.0,male,male,False,False,0,1,2,0,0.6,0.0,0.25,0.5,0,0,0,0,0,0,0,0
East vs West 4,EvW,"August 6, 2022",Revaz Lutidze,Derek Smith,Revaz Lutidze,39,39,Toproll,Hook,Hook,Toproll,145.0,133.0,12.0,195.0,203.0,-8.0,Georgia,United States Of America,0,0,0,domestic,1,53.4,39.7,59.6,male,male,False,False,5,0,1,0,0.5,0.5,0.333,0.0,0,0,0,0,0,0,0,0
East vs West 4,EvW,"August 6, 2022",Daniel Procopciuc,Corey Miller,Daniel Procopciuc,24,40,Hook,Toproll,Hook,,78.0,80.0,-2.0,171.0,173.0,-2.0,Moldova,United States Of America,0,0,0,domestic,1,39.7,,,male,male,False,False,3,1,0,0,0.5,0.5,0.0,0.5,0,0,0,0,0,0,0,0
East vs West 4,EvW,"August 6, 2022",Chance Shaw,Zurab Tavberidze,Chance Shaw,26,28,Hook,Toproll,Hook,Side,130.0,105.0,25.0,183.0,180.0,3.0,United States Of America,Georgia,0,0,0,domestic,1,39.7,44.2,,male,male,False,False,3,0,3,0,0.167,0.0,0.455,1.0,0,0,0,0,0,0,0,0
East vs West 4,EvW,"August 6, 2022",Sandris Sedis,Lachlan Adair,Sandris Sedis,31,35,Toproll,Hook,Hook,Press,114.0,107.0,7.0,194.0,186.0,8.0,Latvia,Australia,0,0,0,domestic,1,53.4,37.2,59.6,male,male,False,False,5,0,0,0,0.6,1.0,0.286,0.5,0,0,0,0,0,0,0,0
East vs West 4,EvW,"August 6, 2022",Yerdaulet Sarybay,Yusuf Yildizoglu,Yerdaulet Sarybay,28,30,Hook,Toproll,Toproll,Hook,105.0,72.0,33.0,183.0,180.0,3.0,Kazakhstan,Turkey,0,0,0,domestic,1,39.7,53.4,40.4,male,male,False,False,0,0,0,0,1.0,0.5,0.0,0.5,0,0,0,0,0,0,0,0
East vs West 4,EvW,"August 6, 2022",Irakli Zirakashvili,Krasimir Kostadinov,Irakli Zirakashvili,27,37,Toproll,Press,Hook,Side,95.0,104.0,-9.0,190.0,180.0,10.0,Georgia,Bulgaria,0,0,0,domestic,1,58.5,44.2,59.6,male,male,False,False,4,2,1,0,0.667,0.5,0.5,0.5,0,0,0,0,0,0,0,0
East vs West 4,EvW,"August 6, 2022",Artyom Morozov,Dave Chaffee,Artyom Morozov,27,48,Toproll,Hook,Side,Press,142.0,125.0,17.0,195.0,188.0,7.0,Kazakhstan,United States Of America,0,0,0,domestic,1,53.4,58.3,57.1,male,male,False,False,3,0,6,1,0.733,1.0,0.375,0.0,0,0,0,0,0,0,0,0
East vs West 4,EvW,"August 6, 2022",Gabriela Vasconcelos,Egle Vaitkute,Gabriela Vasconcelos,37,40,Hook,Toproll,Toproll,Hook,80.0,80.0,0.0,157.0,180.0,-23.0,Brazil,Lithuania,1,0,-1,transatlantic,1,39.7,53.4,40.4,female,female,False,False,5,2,0,1,0.5,0.6,0.5,0.333,0,0,0,0,0,0,0,0
East vs West 4,EvW,"August 6, 2022",Davit Samushia,Bozhidar Simeonov,Davit Samushia,33,27,Press,Hook,Toproll,Side,85.0,85.0,0.0,178.0,175.0,3.0,Georgia,Bulgaria,0,0,0,domestic,1,82.4,53.3,54.5,male,male,False,False,2,1,4,1,0.833,0.5,0.4,0.5,0,0,0,0,0,0,0,0
East vs West 4,EvW,"August 6, 2022",David Dadikyan,Oleg Zhokh,David Dadikyan,26,32,Hook,,Toproll,Hook,115.0,85.0,30.0,185.0,183.0,2.0,Armenia,Ukraine,0,0,0,domestic,1,,53.4,40.4,male,male,False,False,6,1,0,1,0.75,0.5,0.6,0.5,0,0,0,0,0,0,0,0
East vs West 4,EvW,"August 6, 2022",Gabriela Vasconcelos,Egle Vaitkute,Gabriela Vasconcelos,37,40,Hook,Toproll,Toproll,Hook,80.0,80.0,0.0,157.0,180.0,-23.0,Brazil,Lithuania,1,0,-1,transatlantic,1,39.7,53.4,40.4,female,female,False,False,5,2,0,1,0.5,0.6,0.5,0.333,0,0,0,0,0,0,0,0
East vs West 4,EvW,"August 6, 2022",Artyom Morozov,Kody Merritt,Artyom Morozov,27,51,Toproll,Hook,King's Move,Toproll,142.0,153.0,-11.0,195.0,188.0,7.0,Kazakhstan,United States Of America,0,0,0,domestic,1,53.4,14.3,100.0,male,male,False,False,3,0,0,0,0.733,1.0,0.0,0.5,0,0,0,0,0,0,0,0
East vs West 4,EvW,"August 6, 2022",Evgeny Prudnik,Todd Hutchings,Evgeny Prudnik,37,58,Hook,Toproll,Side,Press,115.0,98.0,17.0,185.0,180.0,5.0,Ukraine,United States Of America,0,0,0,domestic,1,39.7,58.3,32.1,male,male,False,False,7,2,1,0,0.5,0.5,0.75,0.5,0,0,0,0,0,1,0,1
East vs West 4,EvW,"August 6, 2022",Jerry Cadorette,Genadi Kvikvinia,Jerry Cadorette,52,40,Press,,Hook,Press,147.0,140.0,7.0,187.0,185.0,2.0,United States Of America,Georgia,0,0,0,domestic,1,,37.2,83.3,male,male,False,False,0,0,6,2,0.6,0.5,0.429,0.5,0,0,0,0,0,0,0,0
East vs West 4,EvW,"August 6, 2022",Kydyrgali Ongarbaev,John Brzenk,Kydyrgali Ongarbaev,30,60,Toproll,Hook,Hook,Toproll,105.0,104.0,1.0,186.0,181.0,5.0,Kazakhstan,United States Of America,0,0,0,domestic,1,53.4,39.7,59.6,male,male,False,False,1,1,6,1,0.6,0.0,0.4,0.0,0,0,0,0,0,0,0,0
East vs West 3,EvW,"May 21, 2022",Artyom Morozov,Derek Smith,Artyom Morozov,27,39,Toproll,Hook,Hook,Toproll,142.0,133.0,9.0,195.0,203.0,-8.0,Kazakhstan,United States Of America,0,0,0,domestic,1,53.4,39.7,59.6,male,male,False,False,2,0,2,0,0.733,1.0,0.333,0.0,0,0,0,0,0,0,0,0
East vs West 3,EvW,"May 21, 2022",Marcio Barboza,Sahip Caglar,Marcio Barboza,52,,Toproll,Hook,Hook,Toproll,111.0,80.0,31.0,183.0,,,Brazil,Turkey,1,0,-1,transatlantic,1,53.4,39.7,59.6,male,male,False,False,3,0,0,0,0.0,0.5,0.5,0.0,0,0,0,0,0,0,0,0
East vs West 3,EvW,"May 21, 2022",Tobias Sporrong,Evgeny Prudnik,Tobias Sporrong,27,37,Side,Hook,Hook,Toproll,130.0,115.0,15.0,193.0,185.0,8.0,Sweden,Ukraine,0,0,0,domestic,1,47.4,39.7,67.9,male,male,False,False,1,0,4,2,0.4,0.0,0.5,0.5,0,0,0,0,0,0,0,0
East vs West 3,EvW,"May 21, 2022",Artyom Morozov,Matt Mask,Artyom Morozov,27,43,Toproll,Hook,Toproll,Hook,142.0,114.0,28.0,195.0,196.0,-1.0,Kazakhstan,Canada,0,1,1,transatlantic,1,53.4,53.4,,male,male,False,False,2,0,0,0,0.733,1.0,1.0,0.455,0,0,0,0,0,0,0,0
East vs West 3,EvW,"May 21, 2022",Zurab Tavberidze,Efe Komek,Zurab Tavberidze,28,30,Hook,Side,Toproll,Hook,105.0,120.0,-15.0,180.0,186.0,-6.0,Georgia,Turkey,0,0,0,domestic,1,44.2,53.4,40.4,male,male,False,False,1,2,0,0,0.455,1.0,0.8,0.5,0,0,0,0,0,0,0,0
East vs West 3,EvW,"May 21, 2022",Paul Linn,Davit Samushia,Paul Linn,44,33,Side,Hook,Press,Hook,95.0,85.0,10.0,183.0,178.0,5.0,United States Of America,Georgia,0,0,0,domestic,1,47.4,82.4,50.0,male,male,False,False,3,0,2,0,0.636,0.5,0.833,0.5,0,0,0,0,0,0,0,0
East vs West 3,EvW,"May 21, 2022",Arif Ertem,Krasimir Kostadinov,Arif Ertem,34,37,Toproll,Hook,Hook,Side,150.0,104.0,46.0,186.0,180.0,6.0,Turkey,Bulgaria,0,0,0,domestic,1,53.4,44.2,59.6,male,male,False,False,4,0,0,0,0.4,0.5,0.5,0.5,0,0,0,0,0,0,0,0
East vs West 3,EvW,"May 21, 2022",Marcio Barboza,Tobias Sporrong,Marcio Barboza,52,27,Toproll,Hook,Side,Hook,111.0,130.0,-19.0,183.0,193.0,-10.0,Brazil,Sweden,1,0,-1,transatlantic,1,53.4,47.4,57.1,male,male,False,False,3,0,1,0,0.0,0.5,0.4,0.0,0,0,0,0,0,0,0,0
East vs West 3,EvW,"May 21, 2022",Evgeny Prudnik,Matt Mask,Evgeny Prudnik,37,43,Hook,Toproll,Toproll,Hook,115.0,114.0,1.0,185.0,196.0,-11.0,Ukraine,Canada,0,1,1,transatlantic,1,39.7,53.4,40.4,male,male,False,False,4,2,0,0,0.5,0.5,1.0,0.455,0,0,0,0,0,0,0,0
East vs West 3,EvW,"May 21, 2022",Revaz Lutidze,Michael Todd,Revaz Lutidze,39,51,Toproll,Hook,King's Move,Side,145.0,105.0,40.0,195.0,191.0,4.0,Georgia,United States Of America,0,0,0,domestic,1,53.4,45.5,100.0,male,male,False,False,0,1,3,0,0.5,0.5,0.5,0.0,0,0,0,0,0,0,0,0
East vs West 3,EvW,"May 21, 2022",Todd Hutchings,Irakli Zirakashvili,Todd Hutchings,58,27,Side,Press,Toproll,Press,98.0,95.0,3.0,180.0,190.0,-10.0,United States Of America,Georgia,0,0,0,domestic,1,58.3,58.5,42.9,male,male,False,False,3,0,2,2,0.75,0.5,0.667,0.5,0,0,0,0,0,0,0,0
East vs West 3,EvW,"May 21, 2022",Genadi Kvikvinia,Dave Chaffee,Genadi Kvikvinia,40,48,Hook,Press,Side,Press,140.0,125.0,15.0,185.0,188.0,-3.0,Georgia,United States Of America,0,0,0,domestic,1,37.2,58.3,32.1,male,male,False,False,1,1,6,1,0.429,0.5,0.375,0.0,0,0,0,0,0,0,0,0
East vs West 3,EvW,"May 21, 2022",John Brzenk,Zurab Tavberidze,John Brzenk,60,28,Hook,Toproll,Hook,Side,104.0,105.0,-1.0,181.0,180.0,1.0,United States Of America,Georgia,0,0,0,domestic,1,39.7,44.2,,male,male,False,False,4,0,1,2,0.4,0.0,0.455,1.0,0,0,0,0,0,0,0,0
East vs West 2,EvW,"February 12, 2022",Vlad Dzisiak,Ramzi Tayba,Vlad Dzisiak,25,38,Toproll,Hook,Toproll,,75.0,79.0,-4.0,175.0,175.0,0.0,Ukraine,Qatar,0,0,0,domestic,1,53.4,,,male,male,False,False,0,0,0,0,1.0,0.5,0.0,0.5,0,0,0,0,0,0,0,0
East vs West 2,EvW,"February 12, 2022",Angie Rose,Anna Gronlund,Angie Rose,57,49,Toproll,Hook,Toproll,,74.0,78.0,-4.0,172.0,167.0,5.0,Canada,Sweden,1,0,-1,transatlantic,1,53.4,,,female,female,False,False,0,0,0,0,0.5,1.0,0.5,0.0,0,0,0,0,0,0,0,0
East vs West 2,EvW,"February 12, 2022",Zurab Tavberidze,Jonathan Breda,Zurab Tavberidze,28,31,Hook,Side,Hook,Press,105.0,102.0,3.0,180.0,180.0,0.0,Georgia,United States Of America,0,0,0,domestic,1,44.2,37.2,,male,male,False,False,0,0,0,0,0.455,1.0,0.0,0.5,0,0,0,0,0,0,0,0
East vs West 2,EvW,"February 12, 2022",Efe Komek,Ron Bath,Efe Komek,30,63,Toproll,Hook,King's Move,Hook,120.0,113.0,7.0,186.0,191.0,-5.0,Turkey,United States Of America,0,0,0,domestic,1,53.4,16.7,100.0,male,male,False,False,1,0,1,0,0.8,0.5,0.0,0.0,0,0,0,0,0,0,0,0
East vs West 2,EvW,"February 12, 2022",Sandris Sedis,Chance Shaw,Sandris Sedis,31,26,Toproll,Hook,Hook,Toproll,114.0,130.0,-16.0,194.0,183.0,11.0,Latvia,United States Of America,0,0,0,domestic,1,53.4,39.7,59.6,male,male,False,False,2,0,1,0,0.6,1.0,0.167,0.0,0,0,0,0,0,0,0,0
East vs West 2,EvW,"February 12, 2022",Artyom Morozov,Tobias Sporrong,Artyom Morozov,27,27,Toproll,Hook,Side,Hook,142.0,130.0,12.0,195.0,193.0,2.0,Kazakhstan,Sweden,0,0,0,domestic,1,53.4,47.4,57.1,male,male,False,False,1,0,0,0,0.733,1.0,0.4,0.0,0,0,0,0,0,0,0,0
East vs West 2,EvW,"February 12, 2022",Fia Reisek,Rebeka Martinkovicova,Fia Reisek,40,30,Unknown,,Toproll,Hook,69.0,68.0,1.0,170.0,170.0,0.0,Sweden,Slovakia,0,0,0,domestic,1,,53.4,,male,male,False,False,0,1,0,0,1.0,1.0,0.0,0.5,0,0,0,0,0,0,0,0
East vs West 2,EvW,"February 12, 2022",Oleg Cherkasov,Yusuf Yildizoglu,Oleg Cherkasov,34,30,Hook,Toproll,Toproll,Hook,70.0,72.0,-2.0,182.0,180.0,2.0,Russia,Turkey,0,0,0,domestic,1,39.7,53.4,40.4,male,male,False,False,1,0,0,0,0.5,0.5,0.0,0.5,0,0,0,0,0,0,0,0
East vs West 2,EvW,"February 12, 2022",Zurab Tavberidze,Ron Bath,Zurab Tavberidze,28,63,Hook,Side,King's Move,Hook,105.0,113.0,-8.0,180.0,191.0,-11.0,Georgia,United States Of America,0,0,0,domestic,1,44.2,16.7,60.0,male,male,False,False,0,0,1,0,0.455,1.0,0.0,0.0,0,0,0,0,0,0,0,0
East vs West 2,EvW,"February 12, 2022",Aleksandr Beziazykov,Herman Stevens,Aleksandr Beziazykov,24,36,Toproll,Hook,Toproll,Hook,116.0,109.0,7.0,195.0,175.0,20.0,Russia,United States Of America,0,0,0,domestic,1,53.4,53.4,,male,male,False,False,0,0,0,0,0.6,0.5,0.0,0.5,0,0,0,0,0,0,0,0
East vs West 2,EvW,"February 12, 2022",Evgeny Prudnik,Artyom Morozov,Evgeny Prudnik,37,27,Hook,Toproll,Toproll,Hook,115.0,142.0,-27.0,185.0,195.0,-10.0,Ukraine,Kazakhstan,0,0,0,domestic,1,39.7,53.4,40.4,male,male,False,False,2,0,1,0,0.5,0.5,0.733,1.0,0,0,0,0,0,0,0,0
East vs West 2,EvW,"February 12, 2022",Todd Hutchings,Yordan Tsonev,Todd Hutchings,58,29,Side,Press,Hook,Side,98.0,105.0,-7.0,180.0,191.0,-11.0,United States Of America,Bulgaria,0,0,0,domestic,1,58.3,44.2,67.9,male,male,False,False,5,1,2,0,0.75,0.5,0.0,0.5,0,0,0,0,0,0,0,0
East vs West 2,EvW,"February 12, 2022",Oleg Zhokh,Betkili Oniani,Oleg Zhokh,32,28,Toproll,Hook,Hook,Press,85.0,95.0,-10.0,183.0,190.0,-7.0,Ukraine,Georgia,0,0,0,domestic,1,53.4,37.2,59.6,male,male,False,False,1,1,4,0,0.6,0.5,0.6,0.5,0,0,0,0,0,0,0,0
East vs West 2,EvW,"February 12, 2022",Ermes Gasparini,Arif Ertem,Ermes Gasparini,31,34,Toproll,Press,Toproll,Hook,130.0,150.0,-20.0,188.0,186.0,2.0,Italy,Turkey,0,0,0,domestic,1,58.5,53.4,,male,male,False,False,3,1,1,0,0.6,0.667,0.4,0.5,0,0,0,0,0,0,0,0
East vs West 2,EvW,"February 12, 2022",Genadi Kvikvinia,Michael Todd,Genadi Kvikvinia,40,51,Hook,Press,King's Move,Side,140.0,105.0,35.0,185.0,191.0,-6.0,Georgia,United States Of America,0,0,0,domestic,1,37.2,45.5,60.0,male,male,False,False,1,1,6,0,0.429,0.5,0.5,0.0,0,0,0,0,0,0,0,0
East vs West 2,EvW,"February 12, 2022",John Brzenk,Khadzimurat Zoloev,John Brzenk,60,41,Hook,Toproll,Hook,Toproll,104.0,93.0,11.0,181.0,178.0,3.0,United States Of America,Russia,0,0,0,domestic,1,39.7,39.7,,male,male,False,False,7,1,6,0,0.4,0.0,0.5,0.5,0,0,0,0,0,0,0,0
East vs West 1,EvW,"June 12, 2021",Ermes Gasparini,Matt Mask,Ermes Gasparini,31,43,Toproll,Press,Toproll,Hook,130.0,114.0,16.0,188.0,196.0,-8.0,Italy,Canada,0,1,1,transatlantic,1,58.5,53.4,,male,male,False,False,0,0,0,0,0.6,0.667,1.0,0.455,0,0,0,0,0,0,0,0
East vs West 1,EvW,"June 12, 2021",Efe Komek,Herman Stevens,Efe Komek,30,36,Toproll,Hook,Toproll,Hook,120.0,109.0,11.0,186.0,175.0,11.0,Turkey,United States Of America,0,0,0,domestic,1,53.4,53.4,,male,male,False,False,0,0,0,0,0.8,0.5,0.0,0.5,0,0,0,0,0,0,0,0
East vs West 1,EvW,"June 12, 2021",Sarah Backman,Irina Drieva,Sarah Backman,33,,Hook,Toproll,Toproll,Hook,80.0,75.0,5.0,174.0,175.0,-1.0,United States Of America,Russia,0,0,0,domestic,1,39.7,53.4,40.4,male,female,False,False,0,0,0,0,0.667,0.0,0.0,0.5,0,0,0,0,0,0,0,0
East vs West 1,EvW,"June 12, 2021",Efe Komek,Herman Stevens,Efe Komek,30,36,Toproll,Hook,Toproll,Hook,120.0,109.0,11.0,186.0,175.0,11.0,Turkey,United States Of America,0,0,0,domestic,1,53.4,53.4,,male,male,False,False,0,0,0,0,0.8,0.5,0.0,0.5,0,0,0,0,0,0,0,0
East vs West 1,EvW,"June 12, 2021",Sarah Backman,Irina Drieva,Sarah Backman,33,,Hook,Toproll,Toproll,Hook,80.0,75.0,5.0,174.0,175.0,-1.0,United States Of America,Russia,0,0,0,domestic,1,39.7,53.4,40.4,male,female,False,False,0,0,0,0,0.667,0.0,0.0,0.5,0,0,0,0,0,0,0,0
East vs West 1,EvW,"June 12, 2021",Khadzimurat Zoloev,Todd Hutchings,Khadzimurat Zoloev,41,58,Hook,Toproll,Side,Press,93.0,98.0,-5.0,178.0,180.0,-2.0,Russia,United States Of America,0,0,0,domestic,1,39.7,58.3,32.1,male,male,False,False,0,0,0,0,0.5,0.5,0.75,0.5,0,0,0,0,0,0,0,0
East vs West 1,EvW,"June 12, 2021",Bozhidar Simeonov,Tony Kitowski,Bozhidar Simeonov,27,,Toproll,Side,Hook,Side,85.0,82.0,3.0,175.0,173.0,2.0,Bulgaria,United States Of America,0,0,0,domestic,1,53.3,44.2,59.6,male,male,False,False,0,0,0,0,0.4,0.5,0.0,0.5,0,0,0,0,0,0,0,0
East vs West 1,EvW,"June 12, 2021",Bela Plieva,Esra Kiraz,Bela Plieva,,,Toproll,Hook,Toproll,,55.0,,,,,,Russia,Turkey,0,0,0,domestic,1,53.4,,,male,male,False,False,0,0,0,0,1.0,0.5,0.0,0.5,0,0,0,0,0,0,0,0
East vs West 1,EvW,"June 12, 2021",Bozhidar Simeonov,Tony Kitowski,Bozhidar Simeonov,27,,Toproll,Side,Hook,Side,85.0,82.0,3.0,175.0,173.0,2.0,Bulgaria,United States Of America,0,0,0,domestic,1,53.3,44.2,59.6,male,male,False,False,0,0,0,0,0.4,0.5,0.0,0.5,0,0,0,0,0,0,0,0
East vs West 1,EvW,"June 12, 2021",Joshua Grant,Erkan Damar,Joshua Grant,32,34,Toproll,Hook,Hook,Toproll,102.0,105.0,-3.0,185.0,180.0,5.0,Canada,Turkey,1,0,-1,transatlantic,1,53.4,39.7,59.6,male,male,False,False,0,0,0,0,0.5,1.0,0.5,0.0,0,0,0,0,0,0,0,0
King of the Table,KOTT,"May 28, 2021",Raimonds Liepins,Mazahir Saidu,Raimonds Liepins,34,23,Hook,Press,Toproll,,83.0,104.0,-21.0,170.0,183.0,-13.0,Latvia,India,0,0,0,domestic,1,37.2,,40.4,male,male,False,False,0,0,0,0,0.6,0.0,0.0,0.5,0,0,0,0,0,0,0,0
King of the Table,KOTT,"May 28, 2021",Aleksandr Beziazykov,Larry Wheels,Aleksandr Beziazykov,24,31,Toproll,Hook,Hook,,116.0,127.0,-11.0,195.0,185.0,10.0,Russia,United States Of America,0,0,0,domestic,1,53.4,,59.6,male,male,False,False,0,0,0,0,0.6,0.5,0.0,0.5,0,0,0,0,0,0,0,0
King of the Table,KOTT,"May 28, 2021",Devon Larratt,Michael Todd,Devon Larratt,50,51,Toproll,King's Move,King's Move,Side,120.0,105.0,15.0,196.0,191.0,5.0,Canada,United States Of America,1,0,-1,transatlantic,1,80.0,45.5,100.0,male,male,False,False,1,0,0,0,0.5,0.8,0.5,0.0,0,0,0,0,0,0,0,0
King of the Table 2,KOTT,"December 11, 2021",Ermes Gasparini,Genadi Kvikvinia,Ermes Gasparini,31,40,Toproll,Press,Hook,Press,130.0,140.0,-10.0,188.0,185.0,3.0,Italy,Georgia,0,0,0,domestic,1,58.5,37.2,59.6,male,male,False,False,0,0,0,0,0.6,0.667,0.429,0.5,0,0,0,0,0,0,0,0
King of the Table 2,KOTT,"December 11, 2021",Brandon Allen,Larry Wheels,Brandon Allen,37,31,Hook,Toproll,Hook,,142.0,127.0,15.0,185.0,185.0,0.0,United States Of America,United States Of America,0,0,0,domestic,1,39.7,,,male,male,False,False,0,0,0,0,1.0,0.5,0.0,0.5,0,0,0,0,0,0,0,0
King of the Table 2,KOTT,"December 11, 2021",Devon Larratt,John Brzenk,Devon Larratt,50,60,Toproll,King's Move,Hook,Toproll,120.0,104.0,16.0,196.0,181.0,15.0,Canada,United States Of America,1,0,-1,transatlantic,1,80.0,39.7,59.6,male,male,True,False,0,0,0,0,0.5,0.8,0.4,0.0,0,0,0,0,0,0,0,0
King of the Table 3,KOTT,"April 2, 2022",Khaled Jashell,Larry Wheels,Khaled Jashell,29,31,Hook,,Hook,,116.0,127.0,-11.0,183.0,185.0,-2.0,Cameroon,United States Of America,0,0,0,domestic,1,,,,male,male,False,False,0,0,0,0,0.667,0.5,0.0,0.5,0,0,0,0,0,0,0,0
King of the Table 3,KOTT,"April 2, 2022",Gabriela Vasconcelos,Sarah Backman,Gabriela Vasconcelos,37,33,Hook,Toproll,Hook,Toproll,80.0,80.0,0.0,157.0,174.0,-17.0,Brazil,United States Of America,1,0,-1,transatlantic,1,39.7,39.7,,female,male,False,False,0,0,0,0,0.5,0.6,0.667,0.0,0,0,0,0,0,0,0,0
King of the Table 3,KOTT,"April 2, 2022",Ermes Gasparini,Wagner Bortolato,Ermes Gasparini,31,44,Toproll,Press,Hook,Press,130.0,151.0,-21.0,188.0,188.0,0.0,Italy,Brazil,0,1,1,transatlantic,1,58.5,37.2,59.6,male,male,False,False,0,0,0,0,0.6,0.667,0.0,0.333,0,0,0,0,0,0,0,0
King of the Table 3,KOTT,"April 2, 2022",Dave Chaffee,Alex Kurdecha,Dave Chaffee,48,36,Side,Press,Toproll,Press,125.0,150.0,-25.0,188.0,201.0,-13.0,United States Of America,Poland,0,0,0,domestic,1,58.3,58.5,42.9,male,male,False,False,0,0,0,0,0.375,0.0,0.286,0.0,0,0,0,0,0,0,0,0
King of the Table 4,KOTT,"June 25, 2022",Irakli Zirakashvili,Marcio Barboza,Irakli Zirakashvili,27,52,Toproll,Press,Toproll,Hook,95.0,111.0,-16.0,190.0,183.0,7.0,Georgia,Brazil,0,1,1,transatlantic,1,58.5,53.4,,male,male,False,False,0,0,0,0,0.667,0.5,0.0,0.5,0,0,0,0,0,0,0,0
King of the Table 4,KOTT,"June 25, 2022",Alex Kurdecha,Corey West,Alex Kurdecha,36,34,Toproll,Press,Hook,Side,150.0,195.0,-45.0,201.0,192.0,9.0,Poland,United States Of America,0,0,0,domestic,1,58.5,44.2,59.6,male,male,False,False,0,0,0,0,0.286,0.0,0.286,0.0,0,0,0,0,0,0,0,0
King of the Table 4,KOTT,"June 25, 2022",Levan Saginashvili,Devon Larratt,Levan Saginashvili,36,50,Toproll,Press,Toproll,King's Move,178.0,120.0,58.0,193.0,196.0,-3.0,Georgia,Canada,0,1,1,transatlantic,1,58.5,80.0,,male,male,False,False,0,0,0,0,1.0,1.0,0.5,0.8,0,0,0,0,0,0,0,0
King of the Table 5,KOTT,"October 1, 2022",Khaled Jashell,Aleksandr Beziazykov,Khaled Jashell,29,24,Hook,,Toproll,Hook,116.0,116.0,0.0,183.0,195.0,-12.0,Cameroon,Russia,0,0,0,domestic,1,,53.4,40.4,male,male,False,False,0,0,0,0,0.667,0.5,0.6,0.5,0,0,0,0,0,0,0,0
King of the Table 5,KOTT,"October 1, 2022",Irakli Zirakashvili,Lachlan Adair,Irakli Zirakashvili,27,35,Toproll,Press,Hook,Press,95.0,107.0,-12.0,190.0,186.0,4.0,Georgia,Australia,0,0,0,domestic,1,58.5,37.2,59.6,male,male,False,False,0,0,0,0,0.667,0.5,0.286,0.5,0,0,0,0,0,0,0,0
King of the Table 5,KOTT,"October 1, 2022",Ryan Bowen,Khaled Jashell,Ryan Bowen,,29,King's Move,Toproll,Hook,,91.0,116.0,-25.0,185.0,183.0,2.0,Australia,Cameroon,0,0,0,domestic,1,14.3,,40.0,male,male,False,False,0,0,0,0,0.25,0.5,0.667,0.5,0,0,0,0,0,0,0,0
King of the Table 5,KOTT,"October 1, 2022",David Dadikyan,Vitaly Laletin,David Dadikyan,26,35,Hook,,Toproll,,115.0,140.0,-25.0,185.0,205.0,-20.0,Armenia,Russia,0,0,0,domestic,1,,,40.4,male,male,False,False,0,0,0,0,0.75,0.5,0.875,0.5,0,0,0,0,0,0,0,0
King of the Table 6,KOTT,"February 25, 2023",Sabin Badulescu,Pavlo Derbedyenyev,Sabin Badulescu,40,44,Toproll,Hook,Toproll,Hook,129.0,120.0,9.0,188.0,185.0,3.0,Romania,Ukraine,0,0,0,domestic,1,53.4,53.4,,male,male,False,False,0,0,0,0,1.0,0.5,0.0,1.0,0,0,0,0,0,0,0,0
King of the Table 6,KOTT,"February 25, 2023",Denis Cyplenkov,John Brzenk,Denis Cyplenkov,43,60,King's Move,Hook,Hook,Toproll,130.0,104.0,26.0,186.0,181.0,5.0,Russia,United States Of America,0,0,0,domestic,1,16.7,39.7,40.0,male,male,False,False,0,0,0,0,1.0,0.0,0.4,0.0,0,0,0,0,0,0,0,0
King of the Table 6,KOTT,"February 25, 2023",Levan Saginashvili,Ermes Gasparini,Levan Saginashvili,36,31,Toproll,Press,Toproll,Press,178.0,130.0,48.0,193.0,188.0,5.0,Georgia,Italy,0,0,0,domestic,1,58.5,58.5,,male,male,True,False,0,0,0,0,1.0,1.0,0.6,0.667,0,0,0,0,0,2,2,0
King of the Table 7,KOTT,"June 24, 2023",Engin Terzi,Raimonds Liepins,Engin Terzi,50,34,Toproll,Press,Hook,Press,76.0,83.0,-7.0,177.0,170.0,7.0,Turkey,Latvia,0,0,0,domestic,1,58.5,37.2,59.6,male,male,False,False,0,0,0,0,1.0,0.5,0.6,0.0,0,0,0,0,0,0,0,0
King of the Table 7,KOTT,"June 24, 2023",Artyom Morozov,Corey West,Artyom Morozov,27,34,Toproll,Hook,Hook,Side,142.0,195.0,-53.0,195.0,192.0,3.0,Kazakhstan,United States Of America,0,0,0,domestic,1,53.4,44.2,59.6,male,male,True,False,1,0,2,0,0.733,1.0,0.286,0.0,0,0,0,0,0,0,0,0
King of the Table 7,KOTT,"June 24, 2023",Devon Larratt,Dave Chaffee,Devon Larratt,50,48,Toproll,King's Move,Side,Press,120.0,125.0,-5.0,196.0,188.0,8.0,Canada,United States Of America,1,0,-1,transatlantic,1,80.0,58.3,57.1,male,male,False,False,2,0,0,0,0.5,0.8,0.375,0.0,0,0,0,0,0,7,3,4
King of the Table 8,KOTT,"September 23, 2023",Lars Rorbakken,Maateiwarangi Heta-Morris,Lars Rorbakken,46,35,Press,Side,Hook,Toproll,107.0,172.0,-65.0,190.0,191.0,-1.0,Norway,New Zealand,0,0,0,domestic,1,50.0,39.7,83.3,male,male,False,False,0,0,0,0,0.5,0.0,0.0,0.5,0,0,0,0,0,0,0,0
King of the Table 8,KOTT,"September 23, 2023",Serhii Kalinichenko,Chance Shaw,Serhii Kalinichenko,32,26,Toproll,Press,Hook,Toproll,118.0,130.0,-12.0,187.0,183.0,4.0,Ukraine,United States Of America,0,0,0,domestic,1,58.5,39.7,59.6,male,male,False,False,0,0,0,0,0.571,0.5,0.167,0.0,0,0,0,0,0,0,0,0
King of the Table 8,KOTT,"September 23, 2023",Krasimir Kostadinov,Lachlan Adair,Krasimir Kostadinov,37,35,Hook,Side,Hook,Press,104.0,107.0,-3.0,180.0,186.0,-6.0,Bulgaria,Australia,0,0,0,domestic,1,44.2,37.2,,male,male,False,False,0,0,0,0,0.5,0.5,0.286,0.5,0,0,0,0,0,0,0,0
King of the Table 8,KOTT,"September 23, 2023",Matt Mask,Ron Bath,Matt Mask,43,63,Toproll,Hook,King's Move,Hook,114.0,113.0,1.0,196.0,191.0,5.0,Canada,United States Of America,1,0,-1,transatlantic,1,53.4,16.7,100.0,male,male,False,False,0,0,0,0,1.0,0.455,0.0,0.0,0,0,0,0,0,1,1,0
King of the Table 9,KOTT,"December 9, 2023",Nisa Camanan,Sarah Collins,Nisa Camanan,21,37,Toproll,,Toproll,Hook,70.0,73.0,-3.0,170.0,150.0,20.0,Turkey,United States Of America,0,0,0,domestic,1,,53.4,,male,male,False,False,0,0,0,0,1.0,0.5,0.0,0.5,0,0,0,0,0,0,0,0
King of the Table 9,KOTT,"December 9, 2023",Lars Rorbakken,Valera Chubotaru,Lars Rorbakken,46,40,Press,Side,Hook,Side,107.0,132.0,-25.0,190.0,188.0,2.0,Norway,Russia,0,0,0,domestic,1,50.0,44.2,83.3,male,male,False,False,0,0,0,0,0.5,0.0,0.0,0.5,0,0,0,0,0,0,0,0
King of the Table 9,KOTT,"December 9, 2023",Serhii Kalinichenko,Arif Ertem,Serhii Kalinichenko,32,34,Toproll,Press,Toproll,Hook,118.0,150.0,-32.0,187.0,186.0,1.0,Ukraine,Turkey,0,0,0,domestic,1,58.5,53.4,,male,male,False,False,0,0,0,0,0.571,0.5,0.4,0.5,0,0,0,0,0,0,0,0
King of the Table 9,KOTT,"December 9, 2023",Leonidas Arkona,Larry Wheels,Leonidas Arkona,26,31,Toproll,Hook,Hook,,128.0,127.0,1.0,182.0,185.0,-3.0,Germany,United States Of America,0,0,0,domestic,1,53.4,,59.6,male,male,False,False,0,0,0,0,0.667,0.0,0.0,0.5,0,0,0,0,0,0,0,0
King of the Table 9,KOTT,"December 9, 2023",Ermes Gasparini,Georgi Tsvetkov,Ermes Gasparini,31,36,Toproll,Press,Toproll,Side,130.0,165.0,-35.0,188.0,190.0,-2.0,Italy,Bulgaria,0,0,0,domestic,1,58.5,53.3,,male,male,False,False,0,0,0,0,0.6,0.667,0.5,0.5,2,1,1,0,0,4,1,3
King of the Table 10,KOTT,"February 24, 2024",Raimonds Liepins,Robbie Karstendiek,Raimonds Liepins,34,30,Hook,Press,Toproll,Hook,83.0,95.0,-12.0,170.0,176.0,-6.0,Latvia,United States Of America,0,0,0,domestic,1,37.2,53.4,40.4,male,male,False,False,0,0,0,0,0.6,0.0,0.0,0.5,0,0,0,0,0,0,0,0
King of the Table 10,KOTT,"February 24, 2024",Matt Mask,Derek Smith,Matt Mask,43,39,Toproll,Hook,Hook,Toproll,114.0,133.0,-19.0,196.0,203.0,-7.0,Canada,United States Of America,1,0,-1,transatlantic,1,53.4,39.7,59.6,male,male,False,False,0,0,0,0,1.0,0.455,0.333,0.0,0,0,0,0,0,4,2,2
King of the Table 10,KOTT,"February 24, 2024",Rino Masic,Bacho Saginashvili,Rino Masic,21,20,Press,Hook,Hook,Side,115.0,95.0,20.0,187.0,186.0,1.0,Croatia,Georgia,0,0,0,domestic,1,82.4,44.2,83.3,male,male,False,False,0,0,0,0,0.75,0.5,0.667,0.5,0,0,0,0,0,0,0,0
King of the Table 11,KOTT,"June 1, 2024",Aleksandr Beziazykov,Ryan Bowen,Aleksandr Beziazykov,24,,Toproll,Hook,King's Move,Toproll,116.0,91.0,25.0,195.0,185.0,10.0,Russia,Australia,0,0,0,domestic,1,53.4,14.3,100.0,male,male,False,False,0,0,0,0,0.6,0.5,0.25,0.5,1,0,1,0,0,1,0,1
King of the Table 11,KOTT,"June 1, 2024",Georgii Dzeranov,Revaz Lutidze,Georgii Dzeranov,38,39,Hook,Side,Toproll,Hook,123.0,145.0,-22.0,190.0,195.0,-5.0,Kazakhstan,Georgia,0,0,0,domestic,1,44.2,53.4,40.4,male,male,False,False,0,0,0,0,0.571,1.0,0.5,0.5,0,0,0,0,0,4,0,4
King of the Table 11,KOTT,"June 1, 2024",Paul Linn,Lachlan Adair,Paul Linn,44,35,Side,Hook,Hook,Press,95.0,107.0,-12.0,183.0,186.0,-3.0,United States Of America,Australia,0,0,0,domestic,1,47.4,37.2,67.9,male,male,False,False,0,0,0,0,0.636,0.5,0.286,0.5,0,0,0,0,0,0,0,0
King of the Table 11,KOTT,"June 1, 2024",Michael Todd,Lars Rorbakken,Michael Todd,51,46,King's Move,Side,Press,Side,105.0,107.0,-2.0,191.0,190.0,1.0,United States Of America,Norway,0,0,0,domestic,1,45.5,50.0,100.0,male,male,False,False,0,0,0,0,0.5,0.0,0.5,0.0,0,0,0,0,0,0,0,0
King of the Table 11,KOTT,"June 1, 2024",Oleg Petrenko,Kydyrgali Ongarbaev,Oleg Petrenko,29,30,Side,Toproll,Toproll,Hook,104.0,105.0,-1.0,180.0,186.0,-6.0,Ukraine,Kazakhstan,0,0,0,domestic,1,69.2,53.4,42.9,male,male,False,False,0,0,0,0,0.714,0.5,0.6,0.0,1,0,1,0,0,7,2,5
King of the Table 11,KOTT,"June 1, 2024",Vitaly Laletin,Kamil Jablonski,Vitaly Laletin,35,39,Toproll,,Press,,140.0,128.0,12.0,205.0,189.0,16.0,Russia,Poland,0,0,0,domestic,1,,,45.5,male,male,False,False,0,0,0,0,0.875,0.5,0.429,0.5,0,0,0,0,0,0,0,0
King of the Table 11,KOTT,"June 1, 2024",Artyom Morozov,Ivan Matyushenko,Artyom Morozov,27,40,Toproll,Hook,Hook,,142.0,114.0,28.0,195.0,192.0,3.0,Kazakhstan,Russia,0,0,0,domestic,1,53.4,,59.6,male,male,False,True,1,0,0,0,0.733,1.0,0.667,0.5,0,0,0,0,0,0,0,0
King of the Table 12,KOTT,"September 28, 2024",Kacper Sinica,Nedalin Hristov,Kacper Sinica,27,27,Toproll,Hook,Hook,,97.0,93.0,4.0,191.0,190.0,1.0,Poland,Bulgaria,0,0,0,domestic,1,53.4,,59.6,male,male,False,False,0,0,0,0,1.0,0.5,0.0,0.5,0,0,0,0,0,0,0,0
King of the Table 12,KOTT,"September 28, 2024",Artyom Morozov,Kamil Jablonski,Artyom Morozov,27,39,Toproll,Hook,Press,,142.0,128.0,14.0,195.0,189.0,6.0,Kazakhstan,Poland,0,0,0,domestic,1,53.4,,45.5,male,male,False,False,0,0,0,0,0.733,1.0,0.429,0.5,1,1,0,0,0,8,3,5
King of the Table 12,KOTT,"September 28, 2024",Auden Larratt,Korean Hulk,Auden Larratt,20,30,Toproll,,Hook,,102.0,115.0,-13.0,190.0,180.0,10.0,Canada,South Korea,1,0,-1,transatlantic,1,,,59.6,male,male,False,False,0,0,0,0,0.5,1.0,0.5,0.0,0,0,0,0,0,0,0,0
King of the Table 12,KOTT,"September 28, 2024",Nugzari Chikadze,Rob Vigeant Jr.,Nugzari Chikadze,27,44,Side,Toproll,Hook,Press,105.0,104.0,1.0,173.0,188.0,-15.0,Georgia,United States Of America,0,0,0,domestic,1,69.2,37.2,67.9,male,male,False,False,0,0,0,0,0.667,1.0,0.0,0.5,0,0,0,0,0,0,0,0
King of the Table 12,KOTT,"September 28, 2024",Georgi Tsvetkov,Serhii Kalinichenko,Georgi Tsvetkov,36,32,Toproll,Side,Toproll,Press,165.0,118.0,47.0,190.0,187.0,3.0,Bulgaria,Ukraine,0,0,0,domestic,1,53.3,58.5,,male,male,False,False,0,0,0,0,0.5,0.5,0.571,0.5,0,0,0,0,0,3,3,0
King of the Table 12,KOTT,"September 28, 2024",Kamil Jablonski,Corey West,Kamil Jablonski,39,34,Press,,Hook,Side,128.0,195.0,-67.0,189.0,192.0,-3.0,Poland,United States Of America,0,0,0,domestic,1,,44.2,83.3,male,male,False,False,0,0,2,0,0.429,0.5,0.286,0.0,0,0,0,0,0,0,0,0
King of the Table 12,KOTT,"September 28, 2024",Devon Larratt,Leonidas Arkona,Devon Larratt,50,26,Toproll,King's Move,Toproll,Hook,120.0,128.0,-8.0,196.0,182.0,14.0,Canada,Germany,1,0,-1,transatlantic,1,80.0,53.4,,male,male,False,False,1,0,0,0,0.5,0.8,0.667,0.0,0,0,0,0,0,0,0,0
King of the Table 13,KOTT,"December 14, 2024",Joseph Meranto,Kevin Palko,Joseph Meranto,23,31,Toproll,,Toproll,Hook,70.0,70.0,0.0,173.0,170.0,3.0,United States Of America,United States Of America,0,0,0,domestic,1,,53.4,,male,male,False,False,0,0,0,0,1.0,0.5,0.0,0.5,0,0,0,0,0,0,0,0
King of the Table 13,KOTT,"December 14, 2024",Lachlan Adair,Lars Rorbakken,Lachlan Adair,35,46,Hook,Press,Press,Side,107.0,107.0,0.0,186.0,190.0,-4.0,Australia,Norway,0,0,0,domestic,1,37.2,50.0,16.7,male,male,False,False,0,0,0,0,0.286,0.5,0.5,0.0,0,0,0,0,0,1,1,0
King of the Table 13,KOTT,"December 14, 2024",Tobias Sporrong,Corey West,Tobias Sporrong,27,34,Side,Hook,Hook,Side,130.0,195.0,-65.0,193.0,192.0,1.0,Sweden,United States Of America,0,0,0,domestic,1,47.4,44.2,67.9,male,male,False,False,0,0,1,0,0.4,0.0,0.286,0.0,0,0,0,0,0,0,0,0
King of the Table 13,KOTT,"December 14, 2024",Matt Mask,Marcio Barboza,Matt Mask,43,52,Toproll,Hook,Toproll,Hook,114.0,111.0,3.0,196.0,183.0,13.0,Canada,Brazil,1,1,0,domestic,1,53.4,53.4,,male,male,False,False,0,0,0,0,1.0,0.455,0.0,0.5,0,0,0,0,0,7,4,3
King of the Table 13,KOTT,"December 14, 2024",Rustam Babayev,Sandris Sedis,Rustam Babayev,43,31,Hook,,Toproll,Hook,95.0,114.0,-19.0,172.0,194.0,-22.0,Ukraine,Latvia,0,0,0,domestic,1,,53.4,40.4,male,male,False,False,0,0,0,0,0.4,0.5,0.6,1.0,0,0,0,0,0,3,3,0
King of the Table 13,KOTT,"December 14, 2024",Krasimir Kostadinov,Paul Linn,Krasimir Kostadinov,37,44,Hook,Side,Side,Hook,104.0,95.0,9.0,180.0,183.0,-3.0,Bulgaria,United States Of America,0,0,0,domestic,1,44.2,47.4,32.1,male,male,False,False,0,0,0,0,0.5,0.5,0.636,0.5,0,0,0,0,0,6,4,2
King of the Table 13,KOTT,"December 14, 2024",Dave Chaffee,Gabor Botta Dukat,Dave Chaffee,48,21,Side,Press,Toproll,Hook,125.0,147.0,-22.0,188.0,183.0,5.0,United States Of America,Hungary,0,0,0,domestic,1,58.3,53.4,42.9,male,male,False,False,0,0,0,0,0.375,0.0,0.0,0.5,0,0,0,0,0,0,0,0
King of the Table 13,KOTT,"December 14, 2024",Barbora Bajciova,Gabriela Vasconcelos,Barbora Bajciova,25,37,Toproll,Hook,Hook,Toproll,122.0,80.0,42.0,188.0,157.0,31.0,Slovakia,Brazil,0,1,1,transatlantic,1,53.4,39.7,59.6,female,female,False,False,0,0,0,0,1.0,1.0,0.5,0.6,0,0,0,1,1,0,0,0
King of the Table 13,KOTT,"December 14, 2024",Brian Shaw,Eddie Hall,Brian Shaw,43,37,Toproll,Side,Hook,Side,188.0,160.0,28.0,203.0,189.0,14.0,United States Of America,United Kingdom,0,0,0,domestic,1,53.3,44.2,59.6,male,male,False,False,0,0,0,0,1.0,0.5,0.0,0.5,0,0,0,0,0,0,0,0
King of the Table 13,KOTT,"December 14, 2024",Levan Saginashvili,Jerry Cadorette,Levan Saginashvili,36,52,Toproll,Press,Press,,178.0,147.0,31.0,193.0,187.0,6.0,Georgia,United States Of America,0,0,0,domestic,1,58.5,,45.5,male,male,True,False,2,0,0,0,1.0,1.0,0.6,0.5,1,1,0,0,0,7,4,3
King of the Table 14,KOTT,"May 10, 2025",Georgy Tautiev,Zurab Tavberidze,Georgy Tautiev,29,28,Toproll,Side,Hook,Side,95.0,105.0,-10.0,202.0,180.0,22.0,Russia,Georgia,0,0,0,domestic,1,53.3,44.2,59.6,male,male,False,False,0,0,0,0,0.5,0.5,0.455,1.0,0,0,0,0,0,5,3,2
King of the Table 14,KOTT,"May 10, 2025",Petro Marharint,Lachlan Adair,Petro Marharint,36,35,Hook,Side,Hook,Press,105.0,107.0,-2.0,180.0,186.0,-6.0,Ukraine,Australia,0,0,0,domestic,1,44.2,37.2,,male,male,False,False,3,0,0,0,1.0,0.5,0.286,0.5,0,0,0,0,0,3,0,3
King of the Table 14,KOTT,"May 10, 2025",Kamil Jablonski,Georgii Dzeranov,Kamil Jablonski,39,38,Press,,Hook,Side,128.0,123.0,5.0,189.0,190.0,-1.0,Poland,Kazakhstan,0,0,0,domestic,1,,44.2,83.3,male,male,False,False,4,0,2,0,0.429,0.5,0.571,1.0,0,0,0,0,0,0,0,0
King of the Table 14,KOTT,"May 10, 2025",Nugzari Chikadze,Matt Mask,Nugzari Chikadze,27,43,Side,Toproll,Toproll,Hook,105.0,114.0,-9.0,173.0,196.0,-23.0,Georgia,Canada,0,1,1,transatlantic,1,69.2,53.4,42.9,male,male,False,False,0,0,0,0,0.667,1.0,1.0,0.455,0,0,0,0,0,1,1,0
King of the Table 14,KOTT,"May 10, 2025",David Dadikyan,Georgi Tsvetkov,David Dadikyan,26,36,Hook,,Toproll,Side,115.0,165.0,-50.0,185.0,190.0,-5.0,Armenia,Bulgaria,0,0,0,domestic,1,,53.3,40.4,male,male,False,False,2,0,2,0,0.75,0.5,0.5,0.5,0,0,0,0,0,0,0,0
King of the Table 14,KOTT,"May 10, 2025",Ivan Matyushenko,Serhii Kalinichenko,Ivan Matyushenko,40,32,Hook,,Toproll,Press,114.0,118.0,-4.0,192.0,187.0,5.0,Russia,Ukraine,0,0,0,domestic,1,,58.5,40.4,male,male,False,False,3,0,0,0,0.667,0.5,0.571,0.5,0,0,0,0,0,11,10,1
King of the Table 14,KOTT,"May 10, 2025",Egle Vaitkute,Jocelyne Brisson,Egle Vaitkute,40,,Toproll,Hook,Toproll,Hook,80.0,,,180.0,,,Lithuania,Canada,0,1,1,transatlantic,1,53.4,53.4,,female,male,False,False,2,0,0,0,0.5,0.333,0.5,0.5,0,0,0,0,0,1,1,0
King of the Table 14,KOTT,"May 10, 2025",Paul Linn,Davit Samushia,Paul Linn,44,33,Side,Hook,Press,Hook,95.0,85.0,10.0,183.0,178.0,5.0,United States Of America,Georgia,0,0,0,domestic,1,47.4,82.4,50.0,male,male,False,True,0,0,0,0,0.636,0.5,0.833,0.5,1,0,1,1,1,0,0,0
King of the Table 14,KOTT,"May 10, 2025",Ibragim Sagov,Genadi Kvikvinia,Ibragim Sagov,35,40,Press,Side,Hook,Press,115.0,140.0,-25.0,192.0,185.0,7.0,Russia,Georgia,0,0,0,domestic,1,50.0,37.2,83.3,male,male,False,False,1,0,1,1,0.6,0.5,0.429,0.5,0,0,0,0,0,2,1,1
King of the Table 14,KOTT,"May 10, 2025",Artur Makarov,Daniel Procopciuc,Artur Makarov,31,24,Hook,Toproll,Hook,Toproll,77.0,78.0,-1.0,174.0,171.0,3.0,Russia,Moldova,0,0,0,domestic,1,39.7,39.7,,male,male,False,False,2,0,1,0,0.75,0.5,0.5,0.5,1,1,0,0,0,3,1,2
King of the Table 14,KOTT,"May 10, 2025",Todd Hutchings,Rustam Babayev,Todd Hutchings,58,43,Side,Press,Hook,,98.0,95.0,3.0,180.0,172.0,8.0,United States Of America,Ukraine,0,0,0,domestic,1,58.3,,67.9,male,male,False,False,0,0,0,0,0.75,0.5,0.4,0.5,1,1,0,0,0,8,5,3
King of the Table 14,KOTT,"May 10, 2025",Vitaly Laletin,Michael Todd,Vitaly Laletin,35,51,Toproll,,King's Move,Side,140.0,105.0,35.0,205.0,191.0,14.0,Russia,United States Of America,0,0,0,domestic,1,,45.5,100.0,male,male,False,False,10,1,3,0,0.875,0.5,0.5,0.0,1,1,0,0,0,12,8,4
